DEBUG - 2026-05-09 04:51:23 --> Session: Class initialized using 'CodeIgniter\Session\Handlers\FileHandler' driver.
DEBUG - 2026-05-09 04:55:30 --> Session: Class initialized using 'CodeIgniter\Session\Handlers\FileHandler' driver.
DEBUG - 2026-05-09 04:55:32 --> Session: Class initialized using 'CodeIgniter\Session\Handlers\FileHandler' driver.
DEBUG - 2026-05-09 04:55:32 --> Session: Class initialized using 'CodeIgniter\Session\Handlers\FileHandler' driver.
DEBUG - 2026-05-09 04:55:36 --> Session: Class initialized using 'CodeIgniter\Session\Handlers\FileHandler' driver.
DEBUG - 2026-05-09 04:55:36 --> Session: Class initialized using 'CodeIgniter\Session\Handlers\FileHandler' driver.
DEBUG - 2026-05-09 04:58:29 --> Session: Class initialized using 'CodeIgniter\Session\Handlers\FileHandler' driver.
DEBUG - 2026-05-09 04:58:49 --> Session: Class initialized using 'CodeIgniter\Session\Handlers\FileHandler' driver.
DEBUG - 2026-05-09 04:58:58 --> Session: Class initialized using 'CodeIgniter\Session\Handlers\FileHandler' driver.
DEBUG - 2026-05-09 04:58:58 --> Session: Class initialized using 'CodeIgniter\Session\Handlers\FileHandler' driver.
DEBUG - 2026-05-09 05:07:39 --> Session: Class initialized using 'CodeIgniter\Session\Handlers\FileHandler' driver.
DEBUG - 2026-05-09 05:07:41 --> Session: Class initialized using 'CodeIgniter\Session\Handlers\FileHandler' driver.
DEBUG - 2026-05-09 05:07:42 --> Session: Class initialized using 'CodeIgniter\Session\Handlers\FileHandler' driver.
DEBUG - 2026-05-09 05:07:56 --> Session: Class initialized using 'CodeIgniter\Session\Handlers\FileHandler' driver.
DEBUG - 2026-05-09 05:08:00 --> Session: Class initialized using 'CodeIgniter\Session\Handlers\FileHandler' driver.
CRITICAL - 2026-05-09 05:08:00 --> ErrorException: Undefined variable $imc
[Method: POST, Route: save-sante]
in APPPATH\Controllers\AuthentificationControllers.php on line 148.
 1 APPPATH\Controllers\AuthentificationControllers.php(148): CodeIgniter\Debug\Exceptions->errorHandler()
 2 SYSTEMPATH\CodeIgniter.php(951): App\Controllers\AuthentificationControllers->saveSante()
 3 SYSTEMPATH\CodeIgniter.php(497): CodeIgniter\CodeIgniter->runController()
 4 SYSTEMPATH\CodeIgniter.php(340): CodeIgniter\CodeIgniter->handleRequest()
 5 SYSTEMPATH\Boot.php(417): CodeIgniter\CodeIgniter->run()
 6 SYSTEMPATH\Boot.php(68): CodeIgniter\Boot::runCodeIgniter()
 7 FCPATH\index.php(59): CodeIgniter\Boot::bootWeb()
DEBUG - 2026-05-09 05:09:55 --> Session: Class initialized using 'CodeIgniter\Session\Handlers\FileHandler' driver.
DEBUG - 2026-05-09 05:10:32 --> Session: Class initialized using 'CodeIgniter\Session\Handlers\FileHandler' driver.
DEBUG - 2026-05-09 05:10:37 --> Session: Class initialized using 'CodeIgniter\Session\Handlers\FileHandler' driver.
DEBUG - 2026-05-09 05:10:38 --> Session: Class initialized using 'CodeIgniter\Session\Handlers\FileHandler' driver.
CRITICAL - 2026-05-09 05:10:55 --> ErrorException: Undefined variable $nom
[Method: GET, Route: profil]
in APPPATH\Views\profil.php on line 28.
 1 APPPATH\Views\profil.php(28): CodeIgniter\Debug\Exceptions->errorHandler()
 2 SYSTEMPATH\View\View.php(240): include('D:\\Rojo\\Poids\\app\\Views\\profil.php')
 3 SYSTEMPATH\View\View.php(243): CodeIgniter\View\View->CodeIgniter\View\{closure}()
 4 SYSTEMPATH\Common.php(1250): CodeIgniter\View\View->render()
 5 APPPATH\Controllers\AuthentificationControllers.php(16): view()
 6 SYSTEMPATH\CodeIgniter.php(951): App\Controllers\AuthentificationControllers->Viewprofil()
 7 SYSTEMPATH\CodeIgniter.php(497): CodeIgniter\CodeIgniter->runController()
 8 SYSTEMPATH\CodeIgniter.php(340): CodeIgniter\CodeIgniter->handleRequest()
 9 SYSTEMPATH\Boot.php(417): CodeIgniter\CodeIgniter->run()
10 SYSTEMPATH\Boot.php(68): CodeIgniter\Boot::runCodeIgniter()
11 FCPATH\index.php(59): CodeIgniter\Boot::bootWeb()
CRITICAL - 2026-05-09 05:10:57 --> ErrorException: Undefined variable $nom
[Method: GET, Route: profil]
in APPPATH\Views\profil.php on line 28.
 1 APPPATH\Views\profil.php(28): CodeIgniter\Debug\Exceptions->errorHandler()
 2 SYSTEMPATH\View\View.php(240): include('D:\\Rojo\\Poids\\app\\Views\\profil.php')
 3 SYSTEMPATH\View\View.php(243): CodeIgniter\View\View->CodeIgniter\View\{closure}()
 4 SYSTEMPATH\Common.php(1250): CodeIgniter\View\View->render()
 5 APPPATH\Controllers\AuthentificationControllers.php(16): view()
 6 SYSTEMPATH\CodeIgniter.php(951): App\Controllers\AuthentificationControllers->Viewprofil()
 7 SYSTEMPATH\CodeIgniter.php(497): CodeIgniter\CodeIgniter->runController()
 8 SYSTEMPATH\CodeIgniter.php(340): CodeIgniter\CodeIgniter->handleRequest()
 9 SYSTEMPATH\Boot.php(417): CodeIgniter\CodeIgniter->run()
10 SYSTEMPATH\Boot.php(68): CodeIgniter\Boot::runCodeIgniter()
11 FCPATH\index.php(59): CodeIgniter\Boot::bootWeb()
DEBUG - 2026-05-09 05:14:37 --> Session: Class initialized using 'CodeIgniter\Session\Handlers\FileHandler' driver.
DEBUG - 2026-05-09 05:14:57 --> Session: Class initialized using 'CodeIgniter\Session\Handlers\FileHandler' driver.
CRITICAL - 2026-05-09 05:14:59 --> ErrorException: Undefined variable $nom
[Method: GET, Route: profil]
in APPPATH\Views\profil.php on line 28.
 1 APPPATH\Views\profil.php(28): CodeIgniter\Debug\Exceptions->errorHandler()
 2 SYSTEMPATH\View\View.php(240): include('D:\\Rojo\\Poids\\app\\Views\\profil.php')
 3 SYSTEMPATH\View\View.php(243): CodeIgniter\View\View->CodeIgniter\View\{closure}()
 4 SYSTEMPATH\Common.php(1250): CodeIgniter\View\View->render()
 5 APPPATH\Controllers\AuthentificationControllers.php(16): view()
 6 SYSTEMPATH\CodeIgniter.php(951): App\Controllers\AuthentificationControllers->Viewprofil()
 7 SYSTEMPATH\CodeIgniter.php(497): CodeIgniter\CodeIgniter->runController()
 8 SYSTEMPATH\CodeIgniter.php(340): CodeIgniter\CodeIgniter->handleRequest()
 9 SYSTEMPATH\Boot.php(417): CodeIgniter\CodeIgniter->run()
10 SYSTEMPATH\Boot.php(68): CodeIgniter\Boot::runCodeIgniter()
11 FCPATH\index.php(59): CodeIgniter\Boot::bootWeb()
DEBUG - 2026-05-09 05:15:16 --> Session: Class initialized using 'CodeIgniter\Session\Handlers\FileHandler' driver.
DEBUG - 2026-05-09 05:15:19 --> Session: Class initialized using 'CodeIgniter\Session\Handlers\FileHandler' driver.
DEBUG - 2026-05-09 05:15:33 --> Session: Class initialized using 'CodeIgniter\Session\Handlers\FileHandler' driver.
DEBUG - 2026-05-09 05:15:38 --> Session: Class initialized using 'CodeIgniter\Session\Handlers\FileHandler' driver.
DEBUG - 2026-05-09 05:15:38 --> Session: Class initialized using 'CodeIgniter\Session\Handlers\FileHandler' driver.
CRITICAL - 2026-05-09 05:15:57 --> ErrorException: Undefined variable $nom
[Method: GET, Route: profil]
in APPPATH\Views\profil.php on line 28.
 1 APPPATH\Views\profil.php(28): CodeIgniter\Debug\Exceptions->errorHandler()
 2 SYSTEMPATH\View\View.php(240): include('D:\\Rojo\\Poids\\app\\Views\\profil.php')
 3 SYSTEMPATH\View\View.php(243): CodeIgniter\View\View->CodeIgniter\View\{closure}()
 4 SYSTEMPATH\Common.php(1250): CodeIgniter\View\View->render()
 5 APPPATH\Controllers\AuthentificationControllers.php(16): view()
 6 SYSTEMPATH\CodeIgniter.php(951): App\Controllers\AuthentificationControllers->Viewprofil()
 7 SYSTEMPATH\CodeIgniter.php(497): CodeIgniter\CodeIgniter->runController()
 8 SYSTEMPATH\CodeIgniter.php(340): CodeIgniter\CodeIgniter->handleRequest()
 9 SYSTEMPATH\Boot.php(417): CodeIgniter\CodeIgniter->run()
10 SYSTEMPATH\Boot.php(68): CodeIgniter\Boot::runCodeIgniter()
11 FCPATH\index.php(59): CodeIgniter\Boot::bootWeb()
DEBUG - 2026-05-09 05:19:54 --> Session: Class initialized using 'CodeIgniter\Session\Handlers\FileHandler' driver.
DEBUG - 2026-05-09 05:20:00 --> Session: Class initialized using 'CodeIgniter\Session\Handlers\FileHandler' driver.
DEBUG - 2026-05-09 05:20:01 --> Session: Class initialized using 'CodeIgniter\Session\Handlers\FileHandler' driver.
DEBUG - 2026-05-09 05:20:02 --> Session: Class initialized using 'CodeIgniter\Session\Handlers\FileHandler' driver.
DEBUG - 2026-05-09 05:20:14 --> Session: Class initialized using 'CodeIgniter\Session\Handlers\FileHandler' driver.
DEBUG - 2026-05-09 05:20:14 --> Session: Class initialized using 'CodeIgniter\Session\Handlers\FileHandler' driver.
DEBUG - 2026-05-09 05:22:04 --> Session: Class initialized using 'CodeIgniter\Session\Handlers\FileHandler' driver.
CRITICAL - 2026-05-09 05:22:04 --> ErrorException: Undefined variable $nom
[Method: GET, Route: profil]
in APPPATH\Views\profil.php on line 28.
 1 APPPATH\Views\profil.php(28): CodeIgniter\Debug\Exceptions->errorHandler()
 2 SYSTEMPATH\View\View.php(240): include('D:\\Rojo\\Poids\\app\\Views\\profil.php')
 3 SYSTEMPATH\View\View.php(243): CodeIgniter\View\View->CodeIgniter\View\{closure}()
 4 SYSTEMPATH\Common.php(1250): CodeIgniter\View\View->render()
 5 APPPATH\Controllers\AuthentificationControllers.php(97): view()
 6 SYSTEMPATH\CodeIgniter.php(951): App\Controllers\AuthentificationControllers->profil()
 7 SYSTEMPATH\CodeIgniter.php(497): CodeIgniter\CodeIgniter->runController()
 8 SYSTEMPATH\CodeIgniter.php(340): CodeIgniter\CodeIgniter->handleRequest()
 9 SYSTEMPATH\Boot.php(417): CodeIgniter\CodeIgniter->run()
10 SYSTEMPATH\Boot.php(68): CodeIgniter\Boot::runCodeIgniter()
11 FCPATH\index.php(59): CodeIgniter\Boot::bootWeb()
DEBUG - 2026-05-09 05:25:37 --> Session: Class initialized using 'CodeIgniter\Session\Handlers\FileHandler' driver.
DEBUG - 2026-05-09 05:26:18 --> Session: Class initialized using 'CodeIgniter\Session\Handlers\FileHandler' driver.
DEBUG - 2026-05-09 05:26:21 --> Session: Class initialized using 'CodeIgniter\Session\Handlers\FileHandler' driver.
DEBUG - 2026-05-09 05:26:23 --> Session: Class initialized using 'CodeIgniter\Session\Handlers\FileHandler' driver.
DEBUG - 2026-05-09 05:33:07 --> Session: Class initialized using 'CodeIgniter\Session\Handlers\FileHandler' driver.
DEBUG - 2026-05-09 05:33:09 --> Session: Class initialized using 'CodeIgniter\Session\Handlers\FileHandler' driver.
DEBUG - 2026-05-09 05:33:11 --> Session: Class initialized using 'CodeIgniter\Session\Handlers\FileHandler' driver.
DEBUG - 2026-05-09 05:52:42 --> Session: Class initialized using 'CodeIgniter\Session\Handlers\FileHandler' driver.
DEBUG - 2026-05-09 05:53:27 --> Session: Class initialized using 'CodeIgniter\Session\Handlers\FileHandler' driver.
DEBUG - 2026-05-09 05:53:46 --> Session: Class initialized using 'CodeIgniter\Session\Handlers\FileHandler' driver.
DEBUG - 2026-05-09 05:53:52 --> Session: Class initialized using 'CodeIgniter\Session\Handlers\FileHandler' driver.
DEBUG - 2026-05-09 05:53:52 --> Session: Class initialized using 'CodeIgniter\Session\Handlers\FileHandler' driver.
DEBUG - 2026-05-09 05:53:55 --> Session: Class initialized using 'CodeIgniter\Session\Handlers\FileHandler' driver.
DEBUG - 2026-05-09 06:09:12 --> Session: Class initialized using 'CodeIgniter\Session\Handlers\FileHandler' driver.
CRITICAL - 2026-05-09 06:09:13 --> ParseError: syntax error, unexpected end of file
[Method: GET, Route: objectif]
in APPPATH\Views\objectif.php on line 15.
 1 SYSTEMPATH\View\View.php(243): CodeIgniter\View\View->CodeIgniter\View\{closure}()
 2 SYSTEMPATH\Common.php(1250): CodeIgniter\View\View->render()
 3 APPPATH\Controllers\AuthentificationControllers.php(17): view()
 4 SYSTEMPATH\CodeIgniter.php(951): App\Controllers\AuthentificationControllers->viewObjectif()
 5 SYSTEMPATH\CodeIgniter.php(497): CodeIgniter\CodeIgniter->runController()
 6 SYSTEMPATH\CodeIgniter.php(340): CodeIgniter\CodeIgniter->handleRequest()
 7 SYSTEMPATH\Boot.php(417): CodeIgniter\CodeIgniter->run()
 8 SYSTEMPATH\Boot.php(68): CodeIgniter\Boot::runCodeIgniter()
 9 FCPATH\index.php(59): CodeIgniter\Boot::bootWeb()
CRITICAL - 2026-05-09 06:09:15 --> ParseError: syntax error, unexpected end of file
[Method: GET, Route: objectif]
in APPPATH\Views\objectif.php on line 15.
 1 SYSTEMPATH\View\View.php(243): CodeIgniter\View\View->CodeIgniter\View\{closure}()
 2 SYSTEMPATH\Common.php(1250): CodeIgniter\View\View->render()
 3 APPPATH\Controllers\AuthentificationControllers.php(17): view()
 4 SYSTEMPATH\CodeIgniter.php(951): App\Controllers\AuthentificationControllers->viewObjectif()
 5 SYSTEMPATH\CodeIgniter.php(497): CodeIgniter\CodeIgniter->runController()
 6 SYSTEMPATH\CodeIgniter.php(340): CodeIgniter\CodeIgniter->handleRequest()
 7 SYSTEMPATH\Boot.php(417): CodeIgniter\CodeIgniter->run()
 8 SYSTEMPATH\Boot.php(68): CodeIgniter\Boot::runCodeIgniter()
 9 FCPATH\index.php(59): CodeIgniter\Boot::bootWeb()
CRITICAL - 2026-05-09 06:09:15 --> ParseError: syntax error, unexpected end of file
[Method: GET, Route: objectif]
in APPPATH\Views\objectif.php on line 15.
 1 SYSTEMPATH\View\View.php(243): CodeIgniter\View\View->CodeIgniter\View\{closure}()
 2 SYSTEMPATH\Common.php(1250): CodeIgniter\View\View->render()
 3 APPPATH\Controllers\AuthentificationControllers.php(17): view()
 4 SYSTEMPATH\CodeIgniter.php(951): App\Controllers\AuthentificationControllers->viewObjectif()
 5 SYSTEMPATH\CodeIgniter.php(497): CodeIgniter\CodeIgniter->runController()
 6 SYSTEMPATH\CodeIgniter.php(340): CodeIgniter\CodeIgniter->handleRequest()
 7 SYSTEMPATH\Boot.php(417): CodeIgniter\CodeIgniter->run()
 8 SYSTEMPATH\Boot.php(68): CodeIgniter\Boot::runCodeIgniter()
 9 FCPATH\index.php(59): CodeIgniter\Boot::bootWeb()
CRITICAL - 2026-05-09 06:09:16 --> ParseError: syntax error, unexpected end of file
[Method: GET, Route: objectif]
in APPPATH\Views\objectif.php on line 15.
 1 SYSTEMPATH\View\View.php(243): CodeIgniter\View\View->CodeIgniter\View\{closure}()
 2 SYSTEMPATH\Common.php(1250): CodeIgniter\View\View->render()
 3 APPPATH\Controllers\AuthentificationControllers.php(17): view()
 4 SYSTEMPATH\CodeIgniter.php(951): App\Controllers\AuthentificationControllers->viewObjectif()
 5 SYSTEMPATH\CodeIgniter.php(497): CodeIgniter\CodeIgniter->runController()
 6 SYSTEMPATH\CodeIgniter.php(340): CodeIgniter\CodeIgniter->handleRequest()
 7 SYSTEMPATH\Boot.php(417): CodeIgniter\CodeIgniter->run()
 8 SYSTEMPATH\Boot.php(68): CodeIgniter\Boot::runCodeIgniter()
 9 FCPATH\index.php(59): CodeIgniter\Boot::bootWeb()
DEBUG - 2026-05-09 06:16:07 --> Session: Class initialized using 'CodeIgniter\Session\Handlers\FileHandler' driver.
DEBUG - 2026-05-09 06:16:07 --> Session: Class initialized using 'CodeIgniter\Session\Handlers\FileHandler' driver.
DEBUG - 2026-05-09 06:16:08 --> Session: Class initialized using 'CodeIgniter\Session\Handlers\FileHandler' driver.
DEBUG - 2026-05-09 06:16:09 --> Session: Class initialized using 'CodeIgniter\Session\Handlers\FileHandler' driver.
DEBUG - 2026-05-09 06:16:10 --> Session: Class initialized using 'CodeIgniter\Session\Handlers\FileHandler' driver.
DEBUG - 2026-05-09 06:16:10 --> Session: Class initialized using 'CodeIgniter\Session\Handlers\FileHandler' driver.
DEBUG - 2026-05-09 06:16:16 --> Session: Class initialized using 'CodeIgniter\Session\Handlers\FileHandler' driver.
DEBUG - 2026-05-09 06:16:17 --> Session: Class initialized using 'CodeIgniter\Session\Handlers\FileHandler' driver.
DEBUG - 2026-05-09 06:16:17 --> Session: Class initialized using 'CodeIgniter\Session\Handlers\FileHandler' driver.
CRITICAL - 2026-05-09 06:29:16 --> TypeError: view(): Argument #2 ($data) must be of type array, string given, called in D:\Rojo\Poids\app\Controllers\AuthentificationControllers.php on line 51
[Method: GET, Route: objectifs/1]
in SYSTEMPATH\Common.php on line 1238.
 1 APPPATH\Controllers\AuthentificationControllers.php(51): view()
 2 SYSTEMPATH\CodeIgniter.php(951): App\Controllers\AuthentificationControllers->ObjectifChoisie()
 3 SYSTEMPATH\CodeIgniter.php(497): CodeIgniter\CodeIgniter->runController()
 4 SYSTEMPATH\CodeIgniter.php(340): CodeIgniter\CodeIgniter->handleRequest()
 5 SYSTEMPATH\Boot.php(417): CodeIgniter\CodeIgniter->run()
 6 SYSTEMPATH\Boot.php(68): CodeIgniter\Boot::runCodeIgniter()
 7 FCPATH\index.php(59): CodeIgniter\Boot::bootWeb()
CRITICAL - 2026-05-09 06:29:17 --> TypeError: view(): Argument #2 ($data) must be of type array, string given, called in D:\Rojo\Poids\app\Controllers\AuthentificationControllers.php on line 51
[Method: GET, Route: objectifs/1]
in SYSTEMPATH\Common.php on line 1238.
 1 APPPATH\Controllers\AuthentificationControllers.php(51): view()
 2 SYSTEMPATH\CodeIgniter.php(951): App\Controllers\AuthentificationControllers->ObjectifChoisie()
 3 SYSTEMPATH\CodeIgniter.php(497): CodeIgniter\CodeIgniter->runController()
 4 SYSTEMPATH\CodeIgniter.php(340): CodeIgniter\CodeIgniter->handleRequest()
 5 SYSTEMPATH\Boot.php(417): CodeIgniter\CodeIgniter->run()
 6 SYSTEMPATH\Boot.php(68): CodeIgniter\Boot::runCodeIgniter()
 7 FCPATH\index.php(59): CodeIgniter\Boot::bootWeb()
CRITICAL - 2026-05-09 06:29:18 --> TypeError: view(): Argument #2 ($data) must be of type array, string given, called in D:\Rojo\Poids\app\Controllers\AuthentificationControllers.php on line 51
[Method: GET, Route: objectifs/1]
in SYSTEMPATH\Common.php on line 1238.
 1 APPPATH\Controllers\AuthentificationControllers.php(51): view()
 2 SYSTEMPATH\CodeIgniter.php(951): App\Controllers\AuthentificationControllers->ObjectifChoisie()
 3 SYSTEMPATH\CodeIgniter.php(497): CodeIgniter\CodeIgniter->runController()
 4 SYSTEMPATH\CodeIgniter.php(340): CodeIgniter\CodeIgniter->handleRequest()
 5 SYSTEMPATH\Boot.php(417): CodeIgniter\CodeIgniter->run()
 6 SYSTEMPATH\Boot.php(68): CodeIgniter\Boot::runCodeIgniter()
 7 FCPATH\index.php(59): CodeIgniter\Boot::bootWeb()
CRITICAL - 2026-05-09 06:32:20 --> ArgumentCountError: Too few arguments to function esc(), 0 passed in D:\Rojo\Poids\app\Views\regime.php on line 10 and at least 1 expected
[Method: GET, Route: objectifs/1]
in SYSTEMPATH\Common.php on line 445.
 1 APPPATH\Views\regime.php(10): esc()
 2 SYSTEMPATH\View\View.php(240): include('D:\\Rojo\\Poids\\app\\Views\\regime.php')
 3 SYSTEMPATH\View\View.php(243): CodeIgniter\View\View->CodeIgniter\View\{closure}()
 4 SYSTEMPATH\Common.php(1250): CodeIgniter\View\View->render()
 5 APPPATH\Controllers\AuthentificationControllers.php(52): view()
 6 SYSTEMPATH\CodeIgniter.php(951): App\Controllers\AuthentificationControllers->ObjectifChoisie()
 7 SYSTEMPATH\CodeIgniter.php(497): CodeIgniter\CodeIgniter->runController()
 8 SYSTEMPATH\CodeIgniter.php(340): CodeIgniter\CodeIgniter->handleRequest()
 9 SYSTEMPATH\Boot.php(417): CodeIgniter\CodeIgniter->run()
10 SYSTEMPATH\Boot.php(68): CodeIgniter\Boot::runCodeIgniter()
11 FCPATH\index.php(59): CodeIgniter\Boot::bootWeb()
CRITICAL - 2026-05-09 06:32:21 --> ArgumentCountError: Too few arguments to function esc(), 0 passed in D:\Rojo\Poids\app\Views\regime.php on line 10 and at least 1 expected
[Method: GET, Route: objectifs/1]
in SYSTEMPATH\Common.php on line 445.
 1 APPPATH\Views\regime.php(10): esc()
 2 SYSTEMPATH\View\View.php(240): include('D:\\Rojo\\Poids\\app\\Views\\regime.php')
 3 SYSTEMPATH\View\View.php(243): CodeIgniter\View\View->CodeIgniter\View\{closure}()
 4 SYSTEMPATH\Common.php(1250): CodeIgniter\View\View->render()
 5 APPPATH\Controllers\AuthentificationControllers.php(52): view()
 6 SYSTEMPATH\CodeIgniter.php(951): App\Controllers\AuthentificationControllers->ObjectifChoisie()
 7 SYSTEMPATH\CodeIgniter.php(497): CodeIgniter\CodeIgniter->runController()
 8 SYSTEMPATH\CodeIgniter.php(340): CodeIgniter\CodeIgniter->handleRequest()
 9 SYSTEMPATH\Boot.php(417): CodeIgniter\CodeIgniter->run()
10 SYSTEMPATH\Boot.php(68): CodeIgniter\Boot::runCodeIgniter()
11 FCPATH\index.php(59): CodeIgniter\Boot::bootWeb()
CRITICAL - 2026-05-09 06:33:57 --> TypeError: view(): Argument #2 ($data) must be of type array, string given, called in D:\Rojo\Poids\app\Controllers\AuthentificationControllers.php on line 52
[Method: GET, Route: objectifs/1]
in SYSTEMPATH\Common.php on line 1238.
 1 APPPATH\Controllers\AuthentificationControllers.php(52): view()
 2 SYSTEMPATH\CodeIgniter.php(951): App\Controllers\AuthentificationControllers->ObjectifChoisie()
 3 SYSTEMPATH\CodeIgniter.php(497): CodeIgniter\CodeIgniter->runController()
 4 SYSTEMPATH\CodeIgniter.php(340): CodeIgniter\CodeIgniter->handleRequest()
 5 SYSTEMPATH\Boot.php(417): CodeIgniter\CodeIgniter->run()
 6 SYSTEMPATH\Boot.php(68): CodeIgniter\Boot::runCodeIgniter()
 7 FCPATH\index.php(59): CodeIgniter\Boot::bootWeb()
CRITICAL - 2026-05-09 06:33:57 --> TypeError: view(): Argument #2 ($data) must be of type array, string given, called in D:\Rojo\Poids\app\Controllers\AuthentificationControllers.php on line 52
[Method: GET, Route: objectifs/1]
in SYSTEMPATH\Common.php on line 1238.
 1 APPPATH\Controllers\AuthentificationControllers.php(52): view()
 2 SYSTEMPATH\CodeIgniter.php(951): App\Controllers\AuthentificationControllers->ObjectifChoisie()
 3 SYSTEMPATH\CodeIgniter.php(497): CodeIgniter\CodeIgniter->runController()
 4 SYSTEMPATH\CodeIgniter.php(340): CodeIgniter\CodeIgniter->handleRequest()
 5 SYSTEMPATH\Boot.php(417): CodeIgniter\CodeIgniter->run()
 6 SYSTEMPATH\Boot.php(68): CodeIgniter\Boot::runCodeIgniter()
 7 FCPATH\index.php(59): CodeIgniter\Boot::bootWeb()
CRITICAL - 2026-05-09 06:33:58 --> TypeError: view(): Argument #2 ($data) must be of type array, string given, called in D:\Rojo\Poids\app\Controllers\AuthentificationControllers.php on line 52
[Method: GET, Route: objectifs/1]
in SYSTEMPATH\Common.php on line 1238.
 1 APPPATH\Controllers\AuthentificationControllers.php(52): view()
 2 SYSTEMPATH\CodeIgniter.php(951): App\Controllers\AuthentificationControllers->ObjectifChoisie()
 3 SYSTEMPATH\CodeIgniter.php(497): CodeIgniter\CodeIgniter->runController()
 4 SYSTEMPATH\CodeIgniter.php(340): CodeIgniter\CodeIgniter->handleRequest()
 5 SYSTEMPATH\Boot.php(417): CodeIgniter\CodeIgniter->run()
 6 SYSTEMPATH\Boot.php(68): CodeIgniter\Boot::runCodeIgniter()
 7 FCPATH\index.php(59): CodeIgniter\Boot::bootWeb()
DEBUG - 2026-05-09 06:39:09 --> Session: Class initialized using 'CodeIgniter\Session\Handlers\FileHandler' driver.
DEBUG - 2026-05-09 06:39:11 --> Session: Class initialized using 'CodeIgniter\Session\Handlers\FileHandler' driver.
DEBUG - 2026-05-09 06:39:12 --> Session: Class initialized using 'CodeIgniter\Session\Handlers\FileHandler' driver.
DEBUG - 2026-05-09 06:39:13 --> Session: Class initialized using 'CodeIgniter\Session\Handlers\FileHandler' driver.
DEBUG - 2026-05-09 06:51:18 --> Session: Class initialized using 'CodeIgniter\Session\Handlers\FileHandler' driver.
DEBUG - 2026-05-09 06:52:26 --> Session: Class initialized using 'CodeIgniter\Session\Handlers\FileHandler' driver.
DEBUG - 2026-05-09 06:52:28 --> Session: Class initialized using 'CodeIgniter\Session\Handlers\FileHandler' driver.
DEBUG - 2026-05-09 06:52:29 --> Session: Class initialized using 'CodeIgniter\Session\Handlers\FileHandler' driver.
DEBUG - 2026-05-09 06:55:04 --> Session: Class initialized using 'CodeIgniter\Session\Handlers\FileHandler' driver.
DEBUG - 2026-05-09 06:55:04 --> Session: Class initialized using 'CodeIgniter\Session\Handlers\FileHandler' driver.
DEBUG - 2026-05-09 06:55:06 --> Session: Class initialized using 'CodeIgniter\Session\Handlers\FileHandler' driver.
DEBUG - 2026-05-09 06:55:06 --> Session: Class initialized using 'CodeIgniter\Session\Handlers\FileHandler' driver.
DEBUG - 2026-05-09 06:55:06 --> Session: Class initialized using 'CodeIgniter\Session\Handlers\FileHandler' driver.
DEBUG - 2026-05-09 06:55:07 --> Session: Class initialized using 'CodeIgniter\Session\Handlers\FileHandler' driver.
DEBUG - 2026-05-09 06:55:13 --> Session: Class initialized using 'CodeIgniter\Session\Handlers\FileHandler' driver.
DEBUG - 2026-05-09 07:01:14 --> Session: Class initialized using 'CodeIgniter\Session\Handlers\FileHandler' driver.
DEBUG - 2026-05-09 07:01:15 --> Session: Class initialized using 'CodeIgniter\Session\Handlers\FileHandler' driver.
CRITICAL - 2026-05-09 07:01:16 --> ErrorException: Array to string conversion
[Method: GET, Route: objectif]
in APPPATH\Views\objectif.php on line 15.
 1 APPPATH\Views\objectif.php(15): CodeIgniter\Debug\Exceptions->errorHandler()
 2 SYSTEMPATH\View\View.php(240): include('D:\\Rojo\\Poids\\app\\Views\\objectif.php')
 3 SYSTEMPATH\View\View.php(243): CodeIgniter\View\View->CodeIgniter\View\{closure}()
 4 SYSTEMPATH\Common.php(1250): CodeIgniter\View\View->render()
 5 APPPATH\Controllers\AuthentificationControllers.php(44): view()
 6 SYSTEMPATH\CodeIgniter.php(951): App\Controllers\AuthentificationControllers->getObjectif()
 7 SYSTEMPATH\CodeIgniter.php(497): CodeIgniter\CodeIgniter->runController()
 8 SYSTEMPATH\CodeIgniter.php(340): CodeIgniter\CodeIgniter->handleRequest()
 9 SYSTEMPATH\Boot.php(417): CodeIgniter\CodeIgniter->run()
10 SYSTEMPATH\Boot.php(68): CodeIgniter\Boot::runCodeIgniter()
11 FCPATH\index.php(59): CodeIgniter\Boot::bootWeb()
CRITICAL - 2026-05-09 07:20:49 --> ErrorException: Array to string conversion
[Method: GET, Route: objectifs/3]
in APPPATH\Views\regime.php on line 10.
 1 APPPATH\Views\regime.php(10): CodeIgniter\Debug\Exceptions->errorHandler()
 2 SYSTEMPATH\View\View.php(240): include('D:\\Rojo\\Poids\\app\\Views\\regime.php')
 3 SYSTEMPATH\View\View.php(243): CodeIgniter\View\View->CodeIgniter\View\{closure}()
 4 SYSTEMPATH\Common.php(1250): CodeIgniter\View\View->render()
 5 APPPATH\Controllers\AuthentificationControllers.php(51): view()
 6 SYSTEMPATH\CodeIgniter.php(951): App\Controllers\AuthentificationControllers->ObjectifChoisie()
 7 SYSTEMPATH\CodeIgniter.php(497): CodeIgniter\CodeIgniter->runController()
 8 SYSTEMPATH\CodeIgniter.php(340): CodeIgniter\CodeIgniter->handleRequest()
 9 SYSTEMPATH\Boot.php(417): CodeIgniter\CodeIgniter->run()
10 SYSTEMPATH\Boot.php(68): CodeIgniter\Boot::runCodeIgniter()
11 FCPATH\index.php(59): CodeIgniter\Boot::bootWeb()
DEBUG - 2026-05-09 07:20:50 --> Session: Class initialized using 'CodeIgniter\Session\Handlers\FileHandler' driver.
CRITICAL - 2026-05-09 07:20:52 --> ErrorException: Array to string conversion
[Method: GET, Route: objectifs/1]
in APPPATH\Views\regime.php on line 10.
 1 APPPATH\Views\regime.php(10): CodeIgniter\Debug\Exceptions->errorHandler()
 2 SYSTEMPATH\View\View.php(240): include('D:\\Rojo\\Poids\\app\\Views\\regime.php')
 3 SYSTEMPATH\View\View.php(243): CodeIgniter\View\View->CodeIgniter\View\{closure}()
 4 SYSTEMPATH\Common.php(1250): CodeIgniter\View\View->render()
 5 APPPATH\Controllers\AuthentificationControllers.php(51): view()
 6 SYSTEMPATH\CodeIgniter.php(951): App\Controllers\AuthentificationControllers->ObjectifChoisie()
 7 SYSTEMPATH\CodeIgniter.php(497): CodeIgniter\CodeIgniter->runController()
 8 SYSTEMPATH\CodeIgniter.php(340): CodeIgniter\CodeIgniter->handleRequest()
 9 SYSTEMPATH\Boot.php(417): CodeIgniter\CodeIgniter->run()
10 SYSTEMPATH\Boot.php(68): CodeIgniter\Boot::runCodeIgniter()
11 FCPATH\index.php(59): CodeIgniter\Boot::bootWeb()
DEBUG - 2026-05-09 07:37:27 --> Session: Class initialized using 'CodeIgniter\Session\Handlers\FileHandler' driver.
DEBUG - 2026-05-09 07:37:28 --> Session: Class initialized using 'CodeIgniter\Session\Handlers\FileHandler' driver.
DEBUG - 2026-05-09 07:37:29 --> Session: Class initialized using 'CodeIgniter\Session\Handlers\FileHandler' driver.
DEBUG - 2026-05-09 07:37:30 --> Session: Class initialized using 'CodeIgniter\Session\Handlers\FileHandler' driver.
DEBUG - 2026-05-09 07:37:36 --> Session: Class initialized using 'CodeIgniter\Session\Handlers\FileHandler' driver.
DEBUG - 2026-05-09 07:40:04 --> Session: Class initialized using 'CodeIgniter\Session\Handlers\FileHandler' driver.
DEBUG - 2026-05-09 07:40:07 --> Session: Class initialized using 'CodeIgniter\Session\Handlers\FileHandler' driver.
DEBUG - 2026-05-09 07:40:07 --> Session: Class initialized using 'CodeIgniter\Session\Handlers\FileHandler' driver.
DEBUG - 2026-05-09 07:41:18 --> Session: Class initialized using 'CodeIgniter\Session\Handlers\FileHandler' driver.
DEBUG - 2026-05-09 07:41:19 --> Session: Class initialized using 'CodeIgniter\Session\Handlers\FileHandler' driver.
DEBUG - 2026-05-09 07:41:22 --> Session: Class initialized using 'CodeIgniter\Session\Handlers\FileHandler' driver.
DEBUG - 2026-05-09 07:41:25 --> Session: Class initialized using 'CodeIgniter\Session\Handlers\FileHandler' driver.
DEBUG - 2026-05-09 07:41:25 --> Session: Class initialized using 'CodeIgniter\Session\Handlers\FileHandler' driver.
DEBUG - 2026-05-09 07:41:25 --> Session: Class initialized using 'CodeIgniter\Session\Handlers\FileHandler' driver.
DEBUG - 2026-05-09 07:41:26 --> Session: Class initialized using 'CodeIgniter\Session\Handlers\FileHandler' driver.
DEBUG - 2026-05-09 07:41:45 --> Session: Class initialized using 'CodeIgniter\Session\Handlers\FileHandler' driver.
DEBUG - 2026-05-09 07:41:48 --> Session: Class initialized using 'CodeIgniter\Session\Handlers\FileHandler' driver.
DEBUG - 2026-05-09 07:41:48 --> Session: Class initialized using 'CodeIgniter\Session\Handlers\FileHandler' driver.
DEBUG - 2026-05-09 07:43:39 --> Session: Class initialized using 'CodeIgniter\Session\Handlers\FileHandler' driver.
DEBUG - 2026-05-09 07:43:43 --> Session: Class initialized using 'CodeIgniter\Session\Handlers\FileHandler' driver.
DEBUG - 2026-05-09 07:43:43 --> Session: Class initialized using 'CodeIgniter\Session\Handlers\FileHandler' driver.
DEBUG - 2026-05-09 07:43:49 --> Session: Class initialized using 'CodeIgniter\Session\Handlers\FileHandler' driver.
DEBUG - 2026-05-09 07:47:57 --> Session: Class initialized using 'CodeIgniter\Session\Handlers\FileHandler' driver.
DEBUG - 2026-05-09 07:48:07 --> Session: Class initialized using 'CodeIgniter\Session\Handlers\FileHandler' driver.
DEBUG - 2026-05-09 07:48:48 --> Session: Class initialized using 'CodeIgniter\Session\Handlers\FileHandler' driver.
DEBUG - 2026-05-09 07:48:50 --> Session: Class initialized using 'CodeIgniter\Session\Handlers\FileHandler' driver.
DEBUG - 2026-05-09 07:49:52 --> Session: Class initialized using 'CodeIgniter\Session\Handlers\FileHandler' driver.
DEBUG - 2026-05-09 07:49:52 --> Session: Class initialized using 'CodeIgniter\Session\Handlers\FileHandler' driver.
DEBUG - 2026-05-09 07:49:54 --> Session: Class initialized using 'CodeIgniter\Session\Handlers\FileHandler' driver.
DEBUG - 2026-05-09 07:54:06 --> Session: Class initialized using 'CodeIgniter\Session\Handlers\FileHandler' driver.
DEBUG - 2026-05-09 07:54:08 --> Session: Class initialized using 'CodeIgniter\Session\Handlers\FileHandler' driver.
DEBUG - 2026-05-09 07:54:10 --> Session: Class initialized using 'CodeIgniter\Session\Handlers\FileHandler' driver.
DEBUG - 2026-05-09 07:54:16 --> Session: Class initialized using 'CodeIgniter\Session\Handlers\FileHandler' driver.
DEBUG - 2026-05-09 07:54:16 --> Session: Class initialized using 'CodeIgniter\Session\Handlers\FileHandler' driver.
DEBUG - 2026-05-09 07:54:19 --> Session: Class initialized using 'CodeIgniter\Session\Handlers\FileHandler' driver.
DEBUG - 2026-05-09 07:54:21 --> Session: Class initialized using 'CodeIgniter\Session\Handlers\FileHandler' driver.
DEBUG - 2026-05-09 08:04:45 --> Session: Class initialized using 'CodeIgniter\Session\Handlers\FileHandler' driver.
DEBUG - 2026-05-09 08:04:50 --> Session: Class initialized using 'CodeIgniter\Session\Handlers\FileHandler' driver.
DEBUG - 2026-05-09 08:04:56 --> Session: Class initialized using 'CodeIgniter\Session\Handlers\FileHandler' driver.
DEBUG - 2026-05-09 08:04:57 --> Session: Class initialized using 'CodeIgniter\Session\Handlers\FileHandler' driver.
DEBUG - 2026-05-09 08:04:59 --> Session: Class initialized using 'CodeIgniter\Session\Handlers\FileHandler' driver.
DEBUG - 2026-05-09 08:05:02 --> Session: Class initialized using 'CodeIgniter\Session\Handlers\FileHandler' driver.
DEBUG - 2026-05-09 08:05:06 --> Session: Class initialized using 'CodeIgniter\Session\Handlers\FileHandler' driver.
DEBUG - 2026-05-09 08:05:38 --> Session: Class initialized using 'CodeIgniter\Session\Handlers\FileHandler' driver.
DEBUG - 2026-05-09 08:09:05 --> Session: Class initialized using 'CodeIgniter\Session\Handlers\FileHandler' driver.
DEBUG - 2026-05-09 08:11:02 --> Session: Class initialized using 'CodeIgniter\Session\Handlers\FileHandler' driver.
DEBUG - 2026-05-09 08:11:04 --> Session: Class initialized using 'CodeIgniter\Session\Handlers\FileHandler' driver.
DEBUG - 2026-05-09 08:11:06 --> Session: Class initialized using 'CodeIgniter\Session\Handlers\FileHandler' driver.
DEBUG - 2026-05-09 08:11:07 --> Session: Class initialized using 'CodeIgniter\Session\Handlers\FileHandler' driver.
DEBUG - 2026-05-09 08:11:08 --> Session: Class initialized using 'CodeIgniter\Session\Handlers\FileHandler' driver.
DEBUG - 2026-05-09 08:11:54 --> Session: Class initialized using 'CodeIgniter\Session\Handlers\FileHandler' driver.
DEBUG - 2026-05-09 08:20:52 --> Session: Class initialized using 'CodeIgniter\Session\Handlers\FileHandler' driver.
DEBUG - 2026-05-09 08:20:53 --> Session: Class initialized using 'CodeIgniter\Session\Handlers\FileHandler' driver.
DEBUG - 2026-05-09 08:20:53 --> Session: Class initialized using 'CodeIgniter\Session\Handlers\FileHandler' driver.
DEBUG - 2026-05-09 08:20:54 --> Session: Class initialized using 'CodeIgniter\Session\Handlers\FileHandler' driver.
DEBUG - 2026-05-09 08:20:57 --> Session: Class initialized using 'CodeIgniter\Session\Handlers\FileHandler' driver.
DEBUG - 2026-05-09 08:20:58 --> Session: Class initialized using 'CodeIgniter\Session\Handlers\FileHandler' driver.
DEBUG - 2026-05-09 08:21:01 --> Session: Class initialized using 'CodeIgniter\Session\Handlers\FileHandler' driver.
DEBUG - 2026-05-09 10:07:21 --> Session: Class initialized using 'CodeIgniter\Session\Handlers\FileHandler' driver.
DEBUG - 2026-05-09 10:07:56 --> Session: Class initialized using 'CodeIgniter\Session\Handlers\FileHandler' driver.
DEBUG - 2026-05-09 10:07:56 --> Session: Class initialized using 'CodeIgniter\Session\Handlers\FileHandler' driver.
DEBUG - 2026-05-09 10:09:01 --> Session: Class initialized using 'CodeIgniter\Session\Handlers\FileHandler' driver.
DEBUG - 2026-05-09 10:14:17 --> Session: Class initialized using 'CodeIgniter\Session\Handlers\FileHandler' driver.
DEBUG - 2026-05-09 10:14:21 --> Session: Class initialized using 'CodeIgniter\Session\Handlers\FileHandler' driver.
CRITICAL - 2026-05-09 10:17:06 --> ErrorException: require(&lt;!-- DEBUG-VIEW START 1 APPPATH\Views\loginAdmin.php --&gt;
&lt;!DOCTYPE html&gt;
&lt;html lang=&quot;en&quot;&gt;

&lt;head&gt;
    &lt;meta charset=&quot;UTF-8&quot;&gt;
    &lt;meta name=&quot;viewport&quot; content=&quot;width=device-width, initial-scale=1.0&quot;&gt;
    &lt;title&gt;Document&lt;/title&gt;
&lt;/head&gt;

&lt;body&gt;
    &lt;form method=&quot;post&quot; action=&quot;/loginAdmin&quot;&gt;
        &lt;input type=&quot;hidden&quot; name=&quot;csrf_test_name&quot; value=&quot;f226672085afe41e13bbf6f7a9ef7696&quot;&gt;
        &lt;div class=&quot;field&quot;&gt;
            &lt;input type=&quot;email&quot; name=&quot;email&quot; placeholder=&quot;Email&quot; required&gt;
        &lt;/div&gt;
        &lt;div class=&quot;field&quot;&gt;
            &lt;input type=&quot;password&quot; name=&quot;mot_de_passe&quot; placeholder=&quot;Mot de passe&quot; required&gt;
        &lt;/div&gt;

        &lt;button class=&quot;btn&quot; type=&quot;submit&quot;&gt;Se connecter&lt;/button&gt;

    &lt;/form&gt;
&lt;/body&gt;

&lt;/html&gt;
&lt;!-- DEBUG-VIEW ENDED 1 APPPATH\Views\loginAdmin.php --&gt;
): Failed to open stream: No such file or directory
[Method: GET, Route: Admin]
in APPPATH\Controllers\AuthentificationControllers.php on line 25.
 1 APPPATH\Controllers\AuthentificationControllers.php(25): CodeIgniter\Debug\Exceptions->errorHandler()
 2 APPPATH\Controllers\AuthentificationControllers.php(25): require()
 3 SYSTEMPATH\CodeIgniter.php(951): App\Controllers\AuthentificationControllers->viewLoginAdmin()
 4 SYSTEMPATH\CodeIgniter.php(497): CodeIgniter\CodeIgniter->runController()
 5 SYSTEMPATH\CodeIgniter.php(340): CodeIgniter\CodeIgniter->handleRequest()
 6 SYSTEMPATH\Boot.php(417): CodeIgniter\CodeIgniter->run()
 7 SYSTEMPATH\Boot.php(68): CodeIgniter\Boot::runCodeIgniter()
 8 FCPATH\index.php(59): CodeIgniter\Boot::bootWeb()
CRITICAL - 2026-05-09 10:17:07 --> ErrorException: require(&lt;!-- DEBUG-VIEW START 1 APPPATH\Views\loginAdmin.php --&gt;
&lt;!DOCTYPE html&gt;
&lt;html lang=&quot;en&quot;&gt;

&lt;head&gt;
    &lt;meta charset=&quot;UTF-8&quot;&gt;
    &lt;meta name=&quot;viewport&quot; content=&quot;width=device-width, initial-scale=1.0&quot;&gt;
    &lt;title&gt;Document&lt;/title&gt;
&lt;/head&gt;

&lt;body&gt;
    &lt;form method=&quot;post&quot; action=&quot;/loginAdmin&quot;&gt;
        &lt;input type=&quot;hidden&quot; name=&quot;csrf_test_name&quot; value=&quot;f226672085afe41e13bbf6f7a9ef7696&quot;&gt;
        &lt;div class=&quot;field&quot;&gt;
            &lt;input type=&quot;email&quot; name=&quot;email&quot; placeholder=&quot;Email&quot; required&gt;
        &lt;/div&gt;
        &lt;div class=&quot;field&quot;&gt;
            &lt;input type=&quot;password&quot; name=&quot;mot_de_passe&quot; placeholder=&quot;Mot de passe&quot; required&gt;
        &lt;/div&gt;

        &lt;button class=&quot;btn&quot; type=&quot;submit&quot;&gt;Se connecter&lt;/button&gt;

    &lt;/form&gt;
&lt;/body&gt;

&lt;/html&gt;
&lt;!-- DEBUG-VIEW ENDED 1 APPPATH\Views\loginAdmin.php --&gt;
): Failed to open stream: No such file or directory
[Method: GET, Route: Admin]
in APPPATH\Controllers\AuthentificationControllers.php on line 25.
 1 APPPATH\Controllers\AuthentificationControllers.php(25): CodeIgniter\Debug\Exceptions->errorHandler()
 2 APPPATH\Controllers\AuthentificationControllers.php(25): require()
 3 SYSTEMPATH\CodeIgniter.php(951): App\Controllers\AuthentificationControllers->viewLoginAdmin()
 4 SYSTEMPATH\CodeIgniter.php(497): CodeIgniter\CodeIgniter->runController()
 5 SYSTEMPATH\CodeIgniter.php(340): CodeIgniter\CodeIgniter->handleRequest()
 6 SYSTEMPATH\Boot.php(417): CodeIgniter\CodeIgniter->run()
 7 SYSTEMPATH\Boot.php(68): CodeIgniter\Boot::runCodeIgniter()
 8 FCPATH\index.php(59): CodeIgniter\Boot::bootWeb()
CRITICAL - 2026-05-09 10:17:07 --> ErrorException: require(&lt;!-- DEBUG-VIEW START 1 APPPATH\Views\loginAdmin.php --&gt;
&lt;!DOCTYPE html&gt;
&lt;html lang=&quot;en&quot;&gt;

&lt;head&gt;
    &lt;meta charset=&quot;UTF-8&quot;&gt;
    &lt;meta name=&quot;viewport&quot; content=&quot;width=device-width, initial-scale=1.0&quot;&gt;
    &lt;title&gt;Document&lt;/title&gt;
&lt;/head&gt;

&lt;body&gt;
    &lt;form method=&quot;post&quot; action=&quot;/loginAdmin&quot;&gt;
        &lt;input type=&quot;hidden&quot; name=&quot;csrf_test_name&quot; value=&quot;f226672085afe41e13bbf6f7a9ef7696&quot;&gt;
        &lt;div class=&quot;field&quot;&gt;
            &lt;input type=&quot;email&quot; name=&quot;email&quot; placeholder=&quot;Email&quot; required&gt;
        &lt;/div&gt;
        &lt;div class=&quot;field&quot;&gt;
            &lt;input type=&quot;password&quot; name=&quot;mot_de_passe&quot; placeholder=&quot;Mot de passe&quot; required&gt;
        &lt;/div&gt;

        &lt;button class=&quot;btn&quot; type=&quot;submit&quot;&gt;Se connecter&lt;/button&gt;

    &lt;/form&gt;
&lt;/body&gt;

&lt;/html&gt;
&lt;!-- DEBUG-VIEW ENDED 1 APPPATH\Views\loginAdmin.php --&gt;
): Failed to open stream: No such file or directory
[Method: GET, Route: Admin]
in APPPATH\Controllers\AuthentificationControllers.php on line 25.
 1 APPPATH\Controllers\AuthentificationControllers.php(25): CodeIgniter\Debug\Exceptions->errorHandler()
 2 APPPATH\Controllers\AuthentificationControllers.php(25): require()
 3 SYSTEMPATH\CodeIgniter.php(951): App\Controllers\AuthentificationControllers->viewLoginAdmin()
 4 SYSTEMPATH\CodeIgniter.php(497): CodeIgniter\CodeIgniter->runController()
 5 SYSTEMPATH\CodeIgniter.php(340): CodeIgniter\CodeIgniter->handleRequest()
 6 SYSTEMPATH\Boot.php(417): CodeIgniter\CodeIgniter->run()
 7 SYSTEMPATH\Boot.php(68): CodeIgniter\Boot::runCodeIgniter()
 8 FCPATH\index.php(59): CodeIgniter\Boot::bootWeb()
CRITICAL - 2026-05-09 10:17:08 --> ErrorException: require(&lt;!-- DEBUG-VIEW START 1 APPPATH\Views\loginAdmin.php --&gt;
&lt;!DOCTYPE html&gt;
&lt;html lang=&quot;en&quot;&gt;

&lt;head&gt;
    &lt;meta charset=&quot;UTF-8&quot;&gt;
    &lt;meta name=&quot;viewport&quot; content=&quot;width=device-width, initial-scale=1.0&quot;&gt;
    &lt;title&gt;Document&lt;/title&gt;
&lt;/head&gt;

&lt;body&gt;
    &lt;form method=&quot;post&quot; action=&quot;/loginAdmin&quot;&gt;
        &lt;input type=&quot;hidden&quot; name=&quot;csrf_test_name&quot; value=&quot;f226672085afe41e13bbf6f7a9ef7696&quot;&gt;
        &lt;div class=&quot;field&quot;&gt;
            &lt;input type=&quot;email&quot; name=&quot;email&quot; placeholder=&quot;Email&quot; required&gt;
        &lt;/div&gt;
        &lt;div class=&quot;field&quot;&gt;
            &lt;input type=&quot;password&quot; name=&quot;mot_de_passe&quot; placeholder=&quot;Mot de passe&quot; required&gt;
        &lt;/div&gt;

        &lt;button class=&quot;btn&quot; type=&quot;submit&quot;&gt;Se connecter&lt;/button&gt;

    &lt;/form&gt;
&lt;/body&gt;

&lt;/html&gt;
&lt;!-- DEBUG-VIEW ENDED 1 APPPATH\Views\loginAdmin.php --&gt;
): Failed to open stream: No such file or directory
[Method: GET, Route: Admin]
in APPPATH\Controllers\AuthentificationControllers.php on line 25.
 1 APPPATH\Controllers\AuthentificationControllers.php(25): CodeIgniter\Debug\Exceptions->errorHandler()
 2 APPPATH\Controllers\AuthentificationControllers.php(25): require()
 3 SYSTEMPATH\CodeIgniter.php(951): App\Controllers\AuthentificationControllers->viewLoginAdmin()
 4 SYSTEMPATH\CodeIgniter.php(497): CodeIgniter\CodeIgniter->runController()
 5 SYSTEMPATH\CodeIgniter.php(340): CodeIgniter\CodeIgniter->handleRequest()
 6 SYSTEMPATH\Boot.php(417): CodeIgniter\CodeIgniter->run()
 7 SYSTEMPATH\Boot.php(68): CodeIgniter\Boot::runCodeIgniter()
 8 FCPATH\index.php(59): CodeIgniter\Boot::bootWeb()
CRITICAL - 2026-05-09 10:17:08 --> ErrorException: require(&lt;!-- DEBUG-VIEW START 1 APPPATH\Views\loginAdmin.php --&gt;
&lt;!DOCTYPE html&gt;
&lt;html lang=&quot;en&quot;&gt;

&lt;head&gt;
    &lt;meta charset=&quot;UTF-8&quot;&gt;
    &lt;meta name=&quot;viewport&quot; content=&quot;width=device-width, initial-scale=1.0&quot;&gt;
    &lt;title&gt;Document&lt;/title&gt;
&lt;/head&gt;

&lt;body&gt;
    &lt;form method=&quot;post&quot; action=&quot;/loginAdmin&quot;&gt;
        &lt;input type=&quot;hidden&quot; name=&quot;csrf_test_name&quot; value=&quot;f226672085afe41e13bbf6f7a9ef7696&quot;&gt;
        &lt;div class=&quot;field&quot;&gt;
            &lt;input type=&quot;email&quot; name=&quot;email&quot; placeholder=&quot;Email&quot; required&gt;
        &lt;/div&gt;
        &lt;div class=&quot;field&quot;&gt;
            &lt;input type=&quot;password&quot; name=&quot;mot_de_passe&quot; placeholder=&quot;Mot de passe&quot; required&gt;
        &lt;/div&gt;

        &lt;button class=&quot;btn&quot; type=&quot;submit&quot;&gt;Se connecter&lt;/button&gt;

    &lt;/form&gt;
&lt;/body&gt;

&lt;/html&gt;
&lt;!-- DEBUG-VIEW ENDED 1 APPPATH\Views\loginAdmin.php --&gt;
): Failed to open stream: No such file or directory
[Method: GET, Route: Admin]
in APPPATH\Controllers\AuthentificationControllers.php on line 25.
 1 APPPATH\Controllers\AuthentificationControllers.php(25): CodeIgniter\Debug\Exceptions->errorHandler()
 2 APPPATH\Controllers\AuthentificationControllers.php(25): require()
 3 SYSTEMPATH\CodeIgniter.php(951): App\Controllers\AuthentificationControllers->viewLoginAdmin()
 4 SYSTEMPATH\CodeIgniter.php(497): CodeIgniter\CodeIgniter->runController()
 5 SYSTEMPATH\CodeIgniter.php(340): CodeIgniter\CodeIgniter->handleRequest()
 6 SYSTEMPATH\Boot.php(417): CodeIgniter\CodeIgniter->run()
 7 SYSTEMPATH\Boot.php(68): CodeIgniter\Boot::runCodeIgniter()
 8 FCPATH\index.php(59): CodeIgniter\Boot::bootWeb()
DEBUG - 2026-05-09 10:19:14 --> Session: Class initialized using 'CodeIgniter\Session\Handlers\FileHandler' driver.
DEBUG - 2026-05-09 10:19:15 --> Session: Class initialized using 'CodeIgniter\Session\Handlers\FileHandler' driver.
DEBUG - 2026-05-09 10:23:43 --> Session: Class initialized using 'CodeIgniter\Session\Handlers\FileHandler' driver.
DEBUG - 2026-05-09 10:23:44 --> Session: Class initialized using 'CodeIgniter\Session\Handlers\FileHandler' driver.
DEBUG - 2026-05-09 10:23:45 --> Session: Class initialized using 'CodeIgniter\Session\Handlers\FileHandler' driver.
DEBUG - 2026-05-09 10:23:45 --> Session: Class initialized using 'CodeIgniter\Session\Handlers\FileHandler' driver.
DEBUG - 2026-05-09 10:23:51 --> Session: Class initialized using 'CodeIgniter\Session\Handlers\FileHandler' driver.
DEBUG - 2026-05-09 10:23:52 --> Session: Class initialized using 'CodeIgniter\Session\Handlers\FileHandler' driver.
DEBUG - 2026-05-09 10:23:55 --> Session: Class initialized using 'CodeIgniter\Session\Handlers\FileHandler' driver.
DEBUG - 2026-05-09 10:24:00 --> Session: Class initialized using 'CodeIgniter\Session\Handlers\FileHandler' driver.
DEBUG - 2026-05-09 10:24:08 --> Session: Class initialized using 'CodeIgniter\Session\Handlers\FileHandler' driver.
DEBUG - 2026-05-09 10:24:15 --> Session: Class initialized using 'CodeIgniter\Session\Handlers\FileHandler' driver.
DEBUG - 2026-05-09 10:24:19 --> Session: Class initialized using 'CodeIgniter\Session\Handlers\FileHandler' driver.
DEBUG - 2026-05-09 10:31:49 --> Session: Class initialized using 'CodeIgniter\Session\Handlers\FileHandler' driver.
DEBUG - 2026-05-09 10:31:52 --> Session: Class initialized using 'CodeIgniter\Session\Handlers\FileHandler' driver.
DEBUG - 2026-05-09 10:41:07 --> Session: Class initialized using 'CodeIgniter\Session\Handlers\FileHandler' driver.
DEBUG - 2026-05-09 10:41:08 --> Session: Class initialized using 'CodeIgniter\Session\Handlers\FileHandler' driver.
DEBUG - 2026-05-09 10:41:58 --> Session: Class initialized using 'CodeIgniter\Session\Handlers\FileHandler' driver.
DEBUG - 2026-05-09 10:46:57 --> Session: Class initialized using 'CodeIgniter\Session\Handlers\FileHandler' driver.
DEBUG - 2026-05-09 10:46:58 --> Session: Class initialized using 'CodeIgniter\Session\Handlers\FileHandler' driver.
DEBUG - 2026-05-09 10:48:14 --> Session: Class initialized using 'CodeIgniter\Session\Handlers\FileHandler' driver.
DEBUG - 2026-05-09 10:48:15 --> Session: Class initialized using 'CodeIgniter\Session\Handlers\FileHandler' driver.
DEBUG - 2026-05-09 10:52:41 --> Session: Class initialized using 'CodeIgniter\Session\Handlers\FileHandler' driver.
DEBUG - 2026-05-09 10:52:41 --> Session: Class initialized using 'CodeIgniter\Session\Handlers\FileHandler' driver.
DEBUG - 2026-05-09 10:52:53 --> Session: Class initialized using 'CodeIgniter\Session\Handlers\FileHandler' driver.
CRITICAL - 2026-05-09 10:52:53 --> CodeIgniter\View\Exceptions\ViewException: Invalid file: "admin/regimes.php"
[Method: GET, Route: admin/regimes]
in SYSTEMPATH\Exceptions\FrameworkException.php on line 39.
 1 SYSTEMPATH\View\View.php(228): CodeIgniter\Exceptions\FrameworkException::forInvalidFile()
 2 SYSTEMPATH\Common.php(1250): CodeIgniter\View\View->render()
 3 APPPATH\Controllers\AuthentificationControllers.php(111): view()
 4 SYSTEMPATH\CodeIgniter.php(951): App\Controllers\AuthentificationControllers->adminRegimes()
 5 SYSTEMPATH\CodeIgniter.php(497): CodeIgniter\CodeIgniter->runController()
 6 SYSTEMPATH\CodeIgniter.php(340): CodeIgniter\CodeIgniter->handleRequest()
 7 SYSTEMPATH\Boot.php(417): CodeIgniter\CodeIgniter->run()
 8 SYSTEMPATH\Boot.php(68): CodeIgniter\Boot::runCodeIgniter()
 9 FCPATH\index.php(59): CodeIgniter\Boot::bootWeb()
DEBUG - 2026-05-09 10:52:56 --> Session: Class initialized using 'CodeIgniter\Session\Handlers\FileHandler' driver.
CRITICAL - 2026-05-09 10:52:56 --> CodeIgniter\View\Exceptions\ViewException: Invalid file: "admin/regimes.php"
[Method: GET, Route: admin/regimes]
in SYSTEMPATH\Exceptions\FrameworkException.php on line 39.
 1 SYSTEMPATH\View\View.php(228): CodeIgniter\Exceptions\FrameworkException::forInvalidFile()
 2 SYSTEMPATH\Common.php(1250): CodeIgniter\View\View->render()
 3 APPPATH\Controllers\AuthentificationControllers.php(111): view()
 4 SYSTEMPATH\CodeIgniter.php(951): App\Controllers\AuthentificationControllers->adminRegimes()
 5 SYSTEMPATH\CodeIgniter.php(497): CodeIgniter\CodeIgniter->runController()
 6 SYSTEMPATH\CodeIgniter.php(340): CodeIgniter\CodeIgniter->handleRequest()
 7 SYSTEMPATH\Boot.php(417): CodeIgniter\CodeIgniter->run()
 8 SYSTEMPATH\Boot.php(68): CodeIgniter\Boot::runCodeIgniter()
 9 FCPATH\index.php(59): CodeIgniter\Boot::bootWeb()
DEBUG - 2026-05-09 10:52:57 --> Session: Class initialized using 'CodeIgniter\Session\Handlers\FileHandler' driver.
CRITICAL - 2026-05-09 10:52:57 --> CodeIgniter\View\Exceptions\ViewException: Invalid file: "admin/activites.php"
[Method: GET, Route: admin/activites]
in SYSTEMPATH\Exceptions\FrameworkException.php on line 39.
 1 SYSTEMPATH\View\View.php(228): CodeIgniter\Exceptions\FrameworkException::forInvalidFile()
 2 SYSTEMPATH\Common.php(1250): CodeIgniter\View\View->render()
 3 APPPATH\Controllers\AuthentificationControllers.php(122): view()
 4 SYSTEMPATH\CodeIgniter.php(951): App\Controllers\AuthentificationControllers->adminActivites()
 5 SYSTEMPATH\CodeIgniter.php(497): CodeIgniter\CodeIgniter->runController()
 6 SYSTEMPATH\CodeIgniter.php(340): CodeIgniter\CodeIgniter->handleRequest()
 7 SYSTEMPATH\Boot.php(417): CodeIgniter\CodeIgniter->run()
 8 SYSTEMPATH\Boot.php(68): CodeIgniter\Boot::runCodeIgniter()
 9 FCPATH\index.php(59): CodeIgniter\Boot::bootWeb()
DEBUG - 2026-05-09 10:53:09 --> Session: Class initialized using 'CodeIgniter\Session\Handlers\FileHandler' driver.
DEBUG - 2026-05-09 10:53:11 --> Session: Class initialized using 'CodeIgniter\Session\Handlers\FileHandler' driver.
DEBUG - 2026-05-09 10:53:21 --> Session: Class initialized using 'CodeIgniter\Session\Handlers\FileHandler' driver.
DEBUG - 2026-05-09 10:53:21 --> Session: Class initialized using 'CodeIgniter\Session\Handlers\FileHandler' driver.
DEBUG - 2026-05-09 10:53:33 --> Session: Class initialized using 'CodeIgniter\Session\Handlers\FileHandler' driver.
DEBUG - 2026-05-09 10:53:33 --> Session: Class initialized using 'CodeIgniter\Session\Handlers\FileHandler' driver.
DEBUG - 2026-05-09 10:53:44 --> Session: Class initialized using 'CodeIgniter\Session\Handlers\FileHandler' driver.
CRITICAL - 2026-05-09 10:53:44 --> CodeIgniter\View\Exceptions\ViewException: Invalid file: "admin/regimes.php"
[Method: GET, Route: admin/regimes]
in SYSTEMPATH\Exceptions\FrameworkException.php on line 39.
 1 SYSTEMPATH\View\View.php(228): CodeIgniter\Exceptions\FrameworkException::forInvalidFile()
 2 SYSTEMPATH\Common.php(1250): CodeIgniter\View\View->render()
 3 APPPATH\Controllers\AuthentificationControllers.php(111): view()
 4 SYSTEMPATH\CodeIgniter.php(951): App\Controllers\AuthentificationControllers->adminRegimes()
 5 SYSTEMPATH\CodeIgniter.php(497): CodeIgniter\CodeIgniter->runController()
 6 SYSTEMPATH\CodeIgniter.php(340): CodeIgniter\CodeIgniter->handleRequest()
 7 SYSTEMPATH\Boot.php(417): CodeIgniter\CodeIgniter->run()
 8 SYSTEMPATH\Boot.php(68): CodeIgniter\Boot::runCodeIgniter()
 9 FCPATH\index.php(59): CodeIgniter\Boot::bootWeb()
DEBUG - 2026-05-09 10:56:34 --> Session: Class initialized using 'CodeIgniter\Session\Handlers\FileHandler' driver.
CRITICAL - 2026-05-09 10:56:34 --> CodeIgniter\View\Exceptions\ViewException: Invalid file: "admin/regimes.php"
[Method: GET, Route: admin/regimes]
in SYSTEMPATH\Exceptions\FrameworkException.php on line 39.
 1 SYSTEMPATH\View\View.php(228): CodeIgniter\Exceptions\FrameworkException::forInvalidFile()
 2 SYSTEMPATH\Common.php(1250): CodeIgniter\View\View->render()
 3 APPPATH\Controllers\AuthentificationControllers.php(110): view()
 4 SYSTEMPATH\CodeIgniter.php(951): App\Controllers\AuthentificationControllers->adminRegimes()
 5 SYSTEMPATH\CodeIgniter.php(497): CodeIgniter\CodeIgniter->runController()
 6 SYSTEMPATH\CodeIgniter.php(340): CodeIgniter\CodeIgniter->handleRequest()
 7 SYSTEMPATH\Boot.php(417): CodeIgniter\CodeIgniter->run()
 8 SYSTEMPATH\Boot.php(68): CodeIgniter\Boot::runCodeIgniter()
 9 FCPATH\index.php(59): CodeIgniter\Boot::bootWeb()
DEBUG - 2026-05-09 10:56:35 --> Session: Class initialized using 'CodeIgniter\Session\Handlers\FileHandler' driver.
CRITICAL - 2026-05-09 10:56:35 --> CodeIgniter\View\Exceptions\ViewException: Invalid file: "admin/regimes.php"
[Method: GET, Route: admin/regimes]
in SYSTEMPATH\Exceptions\FrameworkException.php on line 39.
 1 SYSTEMPATH\View\View.php(228): CodeIgniter\Exceptions\FrameworkException::forInvalidFile()
 2 SYSTEMPATH\Common.php(1250): CodeIgniter\View\View->render()
 3 APPPATH\Controllers\AuthentificationControllers.php(110): view()
 4 SYSTEMPATH\CodeIgniter.php(951): App\Controllers\AuthentificationControllers->adminRegimes()
 5 SYSTEMPATH\CodeIgniter.php(497): CodeIgniter\CodeIgniter->runController()
 6 SYSTEMPATH\CodeIgniter.php(340): CodeIgniter\CodeIgniter->handleRequest()
 7 SYSTEMPATH\Boot.php(417): CodeIgniter\CodeIgniter->run()
 8 SYSTEMPATH\Boot.php(68): CodeIgniter\Boot::runCodeIgniter()
 9 FCPATH\index.php(59): CodeIgniter\Boot::bootWeb()
DEBUG - 2026-05-09 10:56:36 --> Session: Class initialized using 'CodeIgniter\Session\Handlers\FileHandler' driver.
DEBUG - 2026-05-09 10:56:37 --> Session: Class initialized using 'CodeIgniter\Session\Handlers\FileHandler' driver.
CRITICAL - 2026-05-09 10:56:37 --> CodeIgniter\View\Exceptions\ViewException: Invalid file: "admin/regimes.php"
[Method: GET, Route: admin/regimes]
in SYSTEMPATH\Exceptions\FrameworkException.php on line 39.
 1 SYSTEMPATH\View\View.php(228): CodeIgniter\Exceptions\FrameworkException::forInvalidFile()
 2 SYSTEMPATH\Common.php(1250): CodeIgniter\View\View->render()
 3 APPPATH\Controllers\AuthentificationControllers.php(110): view()
 4 SYSTEMPATH\CodeIgniter.php(951): App\Controllers\AuthentificationControllers->adminRegimes()
 5 SYSTEMPATH\CodeIgniter.php(497): CodeIgniter\CodeIgniter->runController()
 6 SYSTEMPATH\CodeIgniter.php(340): CodeIgniter\CodeIgniter->handleRequest()
 7 SYSTEMPATH\Boot.php(417): CodeIgniter\CodeIgniter->run()
 8 SYSTEMPATH\Boot.php(68): CodeIgniter\Boot::runCodeIgniter()
 9 FCPATH\index.php(59): CodeIgniter\Boot::bootWeb()
DEBUG - 2026-05-09 11:00:33 --> Session: Class initialized using 'CodeIgniter\Session\Handlers\FileHandler' driver.
DEBUG - 2026-05-09 11:00:34 --> Session: Class initialized using 'CodeIgniter\Session\Handlers\FileHandler' driver.
DEBUG - 2026-05-09 11:00:34 --> Session: Class initialized using 'CodeIgniter\Session\Handlers\FileHandler' driver.
DEBUG - 2026-05-09 11:00:42 --> Session: Class initialized using 'CodeIgniter\Session\Handlers\FileHandler' driver.
DEBUG - 2026-05-09 11:00:52 --> Session: Class initialized using 'CodeIgniter\Session\Handlers\FileHandler' driver.
CRITICAL - 2026-05-09 11:00:52 --> CodeIgniter\View\Exceptions\ViewException: Invalid file: "activites.php"
[Method: GET, Route: admin/activites]
in SYSTEMPATH\Exceptions\FrameworkException.php on line 39.
 1 SYSTEMPATH\View\View.php(228): CodeIgniter\Exceptions\FrameworkException::forInvalidFile()
 2 SYSTEMPATH\Common.php(1250): CodeIgniter\View\View->render()
 3 APPPATH\Controllers\AuthentificationControllers.php(123): view()
 4 SYSTEMPATH\CodeIgniter.php(951): App\Controllers\AuthentificationControllers->adminActivites()
 5 SYSTEMPATH\CodeIgniter.php(497): CodeIgniter\CodeIgniter->runController()
 6 SYSTEMPATH\CodeIgniter.php(340): CodeIgniter\CodeIgniter->handleRequest()
 7 SYSTEMPATH\Boot.php(417): CodeIgniter\CodeIgniter->run()
 8 SYSTEMPATH\Boot.php(68): CodeIgniter\Boot::runCodeIgniter()
 9 FCPATH\index.php(59): CodeIgniter\Boot::bootWeb()
DEBUG - 2026-05-09 11:01:03 --> Session: Class initialized using 'CodeIgniter\Session\Handlers\FileHandler' driver.
CRITICAL - 2026-05-09 11:01:03 --> CodeIgniter\View\Exceptions\ViewException: Invalid file: "codes.php"
[Method: GET, Route: admin/codes]
in SYSTEMPATH\Exceptions\FrameworkException.php on line 39.
 1 SYSTEMPATH\View\View.php(228): CodeIgniter\Exceptions\FrameworkException::forInvalidFile()
 2 SYSTEMPATH\Common.php(1250): CodeIgniter\View\View->render()
 3 APPPATH\Controllers\AuthentificationControllers.php(134): view()
 4 SYSTEMPATH\CodeIgniter.php(951): App\Controllers\AuthentificationControllers->adminCodes()
 5 SYSTEMPATH\CodeIgniter.php(497): CodeIgniter\CodeIgniter->runController()
 6 SYSTEMPATH\CodeIgniter.php(340): CodeIgniter\CodeIgniter->handleRequest()
 7 SYSTEMPATH\Boot.php(417): CodeIgniter\CodeIgniter->run()
 8 SYSTEMPATH\Boot.php(68): CodeIgniter\Boot::runCodeIgniter()
 9 FCPATH\index.php(59): CodeIgniter\Boot::bootWeb()
DEBUG - 2026-05-09 11:01:21 --> Session: Class initialized using 'CodeIgniter\Session\Handlers\FileHandler' driver.
CRITICAL - 2026-05-09 11:01:21 --> CodeIgniter\View\Exceptions\ViewException: Invalid file: "codes.php"
[Method: GET, Route: admin/codes]
in SYSTEMPATH\Exceptions\FrameworkException.php on line 39.
 1 SYSTEMPATH\View\View.php(228): CodeIgniter\Exceptions\FrameworkException::forInvalidFile()
 2 SYSTEMPATH\Common.php(1250): CodeIgniter\View\View->render()
 3 APPPATH\Controllers\AuthentificationControllers.php(134): view()
 4 SYSTEMPATH\CodeIgniter.php(951): App\Controllers\AuthentificationControllers->adminCodes()
 5 SYSTEMPATH\CodeIgniter.php(497): CodeIgniter\CodeIgniter->runController()
 6 SYSTEMPATH\CodeIgniter.php(340): CodeIgniter\CodeIgniter->handleRequest()
 7 SYSTEMPATH\Boot.php(417): CodeIgniter\CodeIgniter->run()
 8 SYSTEMPATH\Boot.php(68): CodeIgniter\Boot::runCodeIgniter()
 9 FCPATH\index.php(59): CodeIgniter\Boot::bootWeb()
DEBUG - 2026-05-09 11:02:58 --> Session: Class initialized using 'CodeIgniter\Session\Handlers\FileHandler' driver.
DEBUG - 2026-05-09 11:03:00 --> Session: Class initialized using 'CodeIgniter\Session\Handlers\FileHandler' driver.
CRITICAL - 2026-05-09 11:03:01 --> CodeIgniter\View\Exceptions\ViewException: Invalid file: "parametres.php"
[Method: GET, Route: admin/parametres]
in SYSTEMPATH\Exceptions\FrameworkException.php on line 39.
 1 SYSTEMPATH\View\View.php(228): CodeIgniter\Exceptions\FrameworkException::forInvalidFile()
 2 SYSTEMPATH\Common.php(1250): CodeIgniter\View\View->render()
 3 APPPATH\Controllers\AuthentificationControllers.php(144): view()
 4 SYSTEMPATH\CodeIgniter.php(951): App\Controllers\AuthentificationControllers->adminParametres()
 5 SYSTEMPATH\CodeIgniter.php(497): CodeIgniter\CodeIgniter->runController()
 6 SYSTEMPATH\CodeIgniter.php(340): CodeIgniter\CodeIgniter->handleRequest()
 7 SYSTEMPATH\Boot.php(417): CodeIgniter\CodeIgniter->run()
 8 SYSTEMPATH\Boot.php(68): CodeIgniter\Boot::runCodeIgniter()
 9 FCPATH\index.php(59): CodeIgniter\Boot::bootWeb()
DEBUG - 2026-05-09 11:04:42 --> Session: Class initialized using 'CodeIgniter\Session\Handlers\FileHandler' driver.
DEBUG - 2026-05-09 11:04:43 --> Session: Class initialized using 'CodeIgniter\Session\Handlers\FileHandler' driver.
CRITICAL - 2026-05-09 11:04:44 --> CodeIgniter\View\Exceptions\ViewException: Invalid file: "admin/regimes.php"
[Method: GET, Route: admin/regimes]
in SYSTEMPATH\Exceptions\FrameworkException.php on line 39.
 1 SYSTEMPATH\View\View.php(228): CodeIgniter\Exceptions\FrameworkException::forInvalidFile()
 2 SYSTEMPATH\Common.php(1250): CodeIgniter\View\View->render()
 3 APPPATH\Controllers\AuthentificationControllers.php(112): view()
 4 SYSTEMPATH\CodeIgniter.php(951): App\Controllers\AuthentificationControllers->adminRegimes()
 5 SYSTEMPATH\CodeIgniter.php(497): CodeIgniter\CodeIgniter->runController()
 6 SYSTEMPATH\CodeIgniter.php(340): CodeIgniter\CodeIgniter->handleRequest()
 7 SYSTEMPATH\Boot.php(417): CodeIgniter\CodeIgniter->run()
 8 SYSTEMPATH\Boot.php(68): CodeIgniter\Boot::runCodeIgniter()
 9 FCPATH\index.php(59): CodeIgniter\Boot::bootWeb()
DEBUG - 2026-05-09 11:04:45 --> Session: Class initialized using 'CodeIgniter\Session\Handlers\FileHandler' driver.
CRITICAL - 2026-05-09 11:04:45 --> CodeIgniter\View\Exceptions\ViewException: Invalid file: "admin/regimes.php"
[Method: GET, Route: admin/regimes]
in SYSTEMPATH\Exceptions\FrameworkException.php on line 39.
 1 SYSTEMPATH\View\View.php(228): CodeIgniter\Exceptions\FrameworkException::forInvalidFile()
 2 SYSTEMPATH\Common.php(1250): CodeIgniter\View\View->render()
 3 APPPATH\Controllers\AuthentificationControllers.php(112): view()
 4 SYSTEMPATH\CodeIgniter.php(951): App\Controllers\AuthentificationControllers->adminRegimes()
 5 SYSTEMPATH\CodeIgniter.php(497): CodeIgniter\CodeIgniter->runController()
 6 SYSTEMPATH\CodeIgniter.php(340): CodeIgniter\CodeIgniter->handleRequest()
 7 SYSTEMPATH\Boot.php(417): CodeIgniter\CodeIgniter->run()
 8 SYSTEMPATH\Boot.php(68): CodeIgniter\Boot::runCodeIgniter()
 9 FCPATH\index.php(59): CodeIgniter\Boot::bootWeb()
DEBUG - 2026-05-09 11:04:47 --> Session: Class initialized using 'CodeIgniter\Session\Handlers\FileHandler' driver.
CRITICAL - 2026-05-09 11:04:47 --> CodeIgniter\View\Exceptions\ViewException: Invalid file: "admin/activites.php"
[Method: GET, Route: admin/activites]
in SYSTEMPATH\Exceptions\FrameworkException.php on line 39.
 1 SYSTEMPATH\View\View.php(228): CodeIgniter\Exceptions\FrameworkException::forInvalidFile()
 2 SYSTEMPATH\Common.php(1250): CodeIgniter\View\View->render()
 3 APPPATH\Controllers\AuthentificationControllers.php(123): view()
 4 SYSTEMPATH\CodeIgniter.php(951): App\Controllers\AuthentificationControllers->adminActivites()
 5 SYSTEMPATH\CodeIgniter.php(497): CodeIgniter\CodeIgniter->runController()
 6 SYSTEMPATH\CodeIgniter.php(340): CodeIgniter\CodeIgniter->handleRequest()
 7 SYSTEMPATH\Boot.php(417): CodeIgniter\CodeIgniter->run()
 8 SYSTEMPATH\Boot.php(68): CodeIgniter\Boot::runCodeIgniter()
 9 FCPATH\index.php(59): CodeIgniter\Boot::bootWeb()
DEBUG - 2026-05-09 11:04:48 --> Session: Class initialized using 'CodeIgniter\Session\Handlers\FileHandler' driver.
CRITICAL - 2026-05-09 11:04:48 --> CodeIgniter\View\Exceptions\ViewException: Invalid file: "admin/activites.php"
[Method: GET, Route: admin/activites]
in SYSTEMPATH\Exceptions\FrameworkException.php on line 39.
 1 SYSTEMPATH\View\View.php(228): CodeIgniter\Exceptions\FrameworkException::forInvalidFile()
 2 SYSTEMPATH\Common.php(1250): CodeIgniter\View\View->render()
 3 APPPATH\Controllers\AuthentificationControllers.php(123): view()
 4 SYSTEMPATH\CodeIgniter.php(951): App\Controllers\AuthentificationControllers->adminActivites()
 5 SYSTEMPATH\CodeIgniter.php(497): CodeIgniter\CodeIgniter->runController()
 6 SYSTEMPATH\CodeIgniter.php(340): CodeIgniter\CodeIgniter->handleRequest()
 7 SYSTEMPATH\Boot.php(417): CodeIgniter\CodeIgniter->run()
 8 SYSTEMPATH\Boot.php(68): CodeIgniter\Boot::runCodeIgniter()
 9 FCPATH\index.php(59): CodeIgniter\Boot::bootWeb()
DEBUG - 2026-05-09 11:04:50 --> Session: Class initialized using 'CodeIgniter\Session\Handlers\FileHandler' driver.
CRITICAL - 2026-05-09 11:04:50 --> CodeIgniter\View\Exceptions\ViewException: Invalid file: "admin/regimes.php"
[Method: GET, Route: admin/regimes]
in SYSTEMPATH\Exceptions\FrameworkException.php on line 39.
 1 SYSTEMPATH\View\View.php(228): CodeIgniter\Exceptions\FrameworkException::forInvalidFile()
 2 SYSTEMPATH\Common.php(1250): CodeIgniter\View\View->render()
 3 APPPATH\Controllers\AuthentificationControllers.php(112): view()
 4 SYSTEMPATH\CodeIgniter.php(951): App\Controllers\AuthentificationControllers->adminRegimes()
 5 SYSTEMPATH\CodeIgniter.php(497): CodeIgniter\CodeIgniter->runController()
 6 SYSTEMPATH\CodeIgniter.php(340): CodeIgniter\CodeIgniter->handleRequest()
 7 SYSTEMPATH\Boot.php(417): CodeIgniter\CodeIgniter->run()
 8 SYSTEMPATH\Boot.php(68): CodeIgniter\Boot::runCodeIgniter()
 9 FCPATH\index.php(59): CodeIgniter\Boot::bootWeb()
DEBUG - 2026-05-09 11:15:33 --> Session: Class initialized using 'CodeIgniter\Session\Handlers\FileHandler' driver.
DEBUG - 2026-05-09 11:15:35 --> Session: Class initialized using 'CodeIgniter\Session\Handlers\FileHandler' driver.
DEBUG - 2026-05-09 11:15:37 --> Session: Class initialized using 'CodeIgniter\Session\Handlers\FileHandler' driver.
DEBUG - 2026-05-09 11:15:38 --> Session: Class initialized using 'CodeIgniter\Session\Handlers\FileHandler' driver.
DEBUG - 2026-05-09 11:15:39 --> Session: Class initialized using 'CodeIgniter\Session\Handlers\FileHandler' driver.
DEBUG - 2026-05-09 11:15:41 --> Session: Class initialized using 'CodeIgniter\Session\Handlers\FileHandler' driver.
DEBUG - 2026-05-09 11:19:33 --> Session: Class initialized using 'CodeIgniter\Session\Handlers\FileHandler' driver.
DEBUG - 2026-05-09 11:19:36 --> Session: Class initialized using 'CodeIgniter\Session\Handlers\FileHandler' driver.
DEBUG - 2026-05-09 11:19:37 --> Session: Class initialized using 'CodeIgniter\Session\Handlers\FileHandler' driver.
DEBUG - 2026-05-09 11:19:39 --> Session: Class initialized using 'CodeIgniter\Session\Handlers\FileHandler' driver.
DEBUG - 2026-05-09 11:19:40 --> Session: Class initialized using 'CodeIgniter\Session\Handlers\FileHandler' driver.
DEBUG - 2026-05-09 11:20:05 --> Session: Class initialized using 'CodeIgniter\Session\Handlers\FileHandler' driver.
DEBUG - 2026-05-09 11:20:06 --> Session: Class initialized using 'CodeIgniter\Session\Handlers\FileHandler' driver.
DEBUG - 2026-05-09 11:20:07 --> Session: Class initialized using 'CodeIgniter\Session\Handlers\FileHandler' driver.
DEBUG - 2026-05-09 11:20:09 --> Session: Class initialized using 'CodeIgniter\Session\Handlers\FileHandler' driver.
DEBUG - 2026-05-09 11:20:17 --> Session: Class initialized using 'CodeIgniter\Session\Handlers\FileHandler' driver.
DEBUG - 2026-05-09 11:20:31 --> Session: Class initialized using 'CodeIgniter\Session\Handlers\FileHandler' driver.
DEBUG - 2026-05-09 11:28:45 --> Session: Class initialized using 'CodeIgniter\Session\Handlers\FileHandler' driver.
DEBUG - 2026-05-09 11:28:47 --> Session: Class initialized using 'CodeIgniter\Session\Handlers\FileHandler' driver.
DEBUG - 2026-05-09 11:28:48 --> Session: Class initialized using 'CodeIgniter\Session\Handlers\FileHandler' driver.
DEBUG - 2026-05-09 11:28:50 --> Session: Class initialized using 'CodeIgniter\Session\Handlers\FileHandler' driver.
DEBUG - 2026-05-09 11:28:53 --> Session: Class initialized using 'CodeIgniter\Session\Handlers\FileHandler' driver.
DEBUG - 2026-05-09 11:28:58 --> Session: Class initialized using 'CodeIgniter\Session\Handlers\FileHandler' driver.
DEBUG - 2026-05-09 11:29:03 --> Session: Class initialized using 'CodeIgniter\Session\Handlers\FileHandler' driver.
DEBUG - 2026-05-09 11:30:37 --> Session: Class initialized using 'CodeIgniter\Session\Handlers\FileHandler' driver.
CRITICAL - 2026-05-09 11:30:37 --> ErrorException: Undefined variable $totalRevenue
[Method: GET, Route: admin/dashboard]
in APPPATH\Views\admin_dashboard.php on line 61.
 1 APPPATH\Views\admin_dashboard.php(61): CodeIgniter\Debug\Exceptions->errorHandler()
 2 SYSTEMPATH\View\View.php(240): include('D:\\Rojo\\Poids\\app\\Views\\admin_dashboard.php')
 3 SYSTEMPATH\View\View.php(243): CodeIgniter\View\View->CodeIgniter\View\{closure}()
 4 SYSTEMPATH\Common.php(1250): CodeIgniter\View\View->render()
 5 APPPATH\Controllers\AuthentificationControllers.php(100): view()
 6 SYSTEMPATH\CodeIgniter.php(951): App\Controllers\AuthentificationControllers->AdminAccueil()
 7 SYSTEMPATH\CodeIgniter.php(497): CodeIgniter\CodeIgniter->runController()
 8 SYSTEMPATH\CodeIgniter.php(340): CodeIgniter\CodeIgniter->handleRequest()
 9 SYSTEMPATH\Boot.php(417): CodeIgniter\CodeIgniter->run()
10 SYSTEMPATH\Boot.php(68): CodeIgniter\Boot::runCodeIgniter()
11 FCPATH\index.php(59): CodeIgniter\Boot::bootWeb()
DEBUG - 2026-05-09 11:37:44 --> Session: Class initialized using 'CodeIgniter\Session\Handlers\FileHandler' driver.
DEBUG - 2026-05-09 11:40:20 --> Session: Class initialized using 'CodeIgniter\Session\Handlers\FileHandler' driver.
DEBUG - 2026-05-09 11:51:22 --> Session: Class initialized using 'CodeIgniter\Session\Handlers\FileHandler' driver.
DEBUG - 2026-05-09 11:51:26 --> Session: Class initialized using 'CodeIgniter\Session\Handlers\FileHandler' driver.
DEBUG - 2026-05-09 11:51:29 --> Session: Class initialized using 'CodeIgniter\Session\Handlers\FileHandler' driver.
DEBUG - 2026-05-09 11:51:34 --> Session: Class initialized using 'CodeIgniter\Session\Handlers\FileHandler' driver.
DEBUG - 2026-05-09 11:51:34 --> Session: Class initialized using 'CodeIgniter\Session\Handlers\FileHandler' driver.
DEBUG - 2026-05-09 11:51:39 --> Session: Class initialized using 'CodeIgniter\Session\Handlers\FileHandler' driver.
DEBUG - 2026-05-09 11:51:39 --> Session: Class initialized using 'CodeIgniter\Session\Handlers\FileHandler' driver.
DEBUG - 2026-05-09 11:52:00 --> Session: Class initialized using 'CodeIgniter\Session\Handlers\FileHandler' driver.
DEBUG - 2026-05-09 11:52:03 --> Session: Class initialized using 'CodeIgniter\Session\Handlers\FileHandler' driver.
DEBUG - 2026-05-09 11:52:07 --> Session: Class initialized using 'CodeIgniter\Session\Handlers\FileHandler' driver.
DEBUG - 2026-05-09 11:57:06 --> Session: Class initialized using 'CodeIgniter\Session\Handlers\FileHandler' driver.
DEBUG - 2026-05-09 12:06:20 --> Session: Class initialized using 'CodeIgniter\Session\Handlers\FileHandler' driver.
DEBUG - 2026-05-09 12:06:25 --> Session: Class initialized using 'CodeIgniter\Session\Handlers\FileHandler' driver.
DEBUG - 2026-05-09 12:06:25 --> Session: Class initialized using 'CodeIgniter\Session\Handlers\FileHandler' driver.
DEBUG - 2026-05-09 12:06:27 --> Session: Class initialized using 'CodeIgniter\Session\Handlers\FileHandler' driver.
DEBUG - 2026-05-09 12:06:38 --> Session: Class initialized using 'CodeIgniter\Session\Handlers\FileHandler' driver.
DEBUG - 2026-05-09 12:06:40 --> Session: Class initialized using 'CodeIgniter\Session\Handlers\FileHandler' driver.
DEBUG - 2026-05-09 12:07:01 --> Session: Class initialized using 'CodeIgniter\Session\Handlers\FileHandler' driver.
DEBUG - 2026-05-09 12:08:56 --> Session: Class initialized using 'CodeIgniter\Session\Handlers\FileHandler' driver.
DEBUG - 2026-05-09 12:09:46 --> Session: Class initialized using 'CodeIgniter\Session\Handlers\FileHandler' driver.
DEBUG - 2026-05-09 12:10:14 --> Session: Class initialized using 'CodeIgniter\Session\Handlers\FileHandler' driver.
DEBUG - 2026-05-09 12:10:16 --> Session: Class initialized using 'CodeIgniter\Session\Handlers\FileHandler' driver.
DEBUG - 2026-05-09 12:10:21 --> Session: Class initialized using 'CodeIgniter\Session\Handlers\FileHandler' driver.
DEBUG - 2026-05-09 12:10:23 --> Session: Class initialized using 'CodeIgniter\Session\Handlers\FileHandler' driver.
DEBUG - 2026-05-09 12:10:46 --> Session: Class initialized using 'CodeIgniter\Session\Handlers\FileHandler' driver.
DEBUG - 2026-05-09 12:16:17 --> Session: Class initialized using 'CodeIgniter\Session\Handlers\FileHandler' driver.
CRITICAL - 2026-05-09 12:16:17 --> Error: Class "App\Controllers\CodePortefeuilleModel" not found
[Method: POST, Route: recharge-wallet]
in APPPATH\Controllers\AuthentificationControllers.php on line 37.
 1 SYSTEMPATH\CodeIgniter.php(951): App\Controllers\AuthentificationControllers->rechargeWallet()
 2 SYSTEMPATH\CodeIgniter.php(497): CodeIgniter\CodeIgniter->runController()
 3 SYSTEMPATH\CodeIgniter.php(340): CodeIgniter\CodeIgniter->handleRequest()
 4 SYSTEMPATH\Boot.php(417): CodeIgniter\CodeIgniter->run()
 5 SYSTEMPATH\Boot.php(68): CodeIgniter\Boot::runCodeIgniter()
 6 FCPATH\index.php(59): CodeIgniter\Boot::bootWeb()
DEBUG - 2026-05-09 12:16:19 --> Session: Class initialized using 'CodeIgniter\Session\Handlers\FileHandler' driver.
DEBUG - 2026-05-09 12:16:20 --> Session: Class initialized using 'CodeIgniter\Session\Handlers\FileHandler' driver.
DEBUG - 2026-05-09 12:16:22 --> Session: Class initialized using 'CodeIgniter\Session\Handlers\FileHandler' driver.
DEBUG - 2026-05-09 12:16:24 --> Session: Class initialized using 'CodeIgniter\Session\Handlers\FileHandler' driver.
DEBUG - 2026-05-09 12:16:45 --> Session: Class initialized using 'CodeIgniter\Session\Handlers\FileHandler' driver.
DEBUG - 2026-05-09 12:16:45 --> Session: Class initialized using 'CodeIgniter\Session\Handlers\FileHandler' driver.
DEBUG - 2026-05-09 12:17:41 --> Session: Class initialized using 'CodeIgniter\Session\Handlers\FileHandler' driver.
DEBUG - 2026-05-09 12:20:14 --> Session: Class initialized using 'CodeIgniter\Session\Handlers\FileHandler' driver.
DEBUG - 2026-05-09 12:20:16 --> Session: Class initialized using 'CodeIgniter\Session\Handlers\FileHandler' driver.
DEBUG - 2026-05-09 12:20:19 --> Session: Class initialized using 'CodeIgniter\Session\Handlers\FileHandler' driver.
ERROR - 2026-05-09 12:20:19 --> Unknown column 'porte_monnaie' in 'field list'
in SYSTEMPATH\Database\MySQLi\Connection.php on line 300.
 1 SYSTEMPATH\Database\MySQLi\Connection.php(300): mysqli->query()
 2 SYSTEMPATH\Database\BaseConnection.php(910): CodeIgniter\Database\MySQLi\Connection->execute()
 3 SYSTEMPATH\Database\BaseConnection.php(827): CodeIgniter\Database\BaseConnection->simpleQuery()
 4 SYSTEMPATH\Database\BaseBuilder.php(2521): CodeIgniter\Database\BaseConnection->query()
 5 SYSTEMPATH\Model.php(406): CodeIgniter\Database\BaseBuilder->update()
 6 SYSTEMPATH\BaseModel.php(1074): CodeIgniter\Model->doUpdate()
 7 SYSTEMPATH\Model.php(709): CodeIgniter\BaseModel->update()
 8 APPPATH\Controllers\AuthentificationControllers.php(56): CodeIgniter\Model->update()
 9 SYSTEMPATH\CodeIgniter.php(951): App\Controllers\AuthentificationControllers->rechargeWallet()
10 SYSTEMPATH\CodeIgniter.php(497): CodeIgniter\CodeIgniter->runController()
11 SYSTEMPATH\CodeIgniter.php(340): CodeIgniter\CodeIgniter->handleRequest()
12 SYSTEMPATH\Boot.php(417): CodeIgniter\CodeIgniter->run()
13 SYSTEMPATH\Boot.php(68): CodeIgniter\Boot::runCodeIgniter()
14 FCPATH\index.php(59): CodeIgniter\Boot::bootWeb()
DEBUG - 2026-05-09 12:20:19 --> Session: Class initialized using 'CodeIgniter\Session\Handlers\FileHandler' driver.
DEBUG - 2026-05-09 12:20:24 --> Session: Class initialized using 'CodeIgniter\Session\Handlers\FileHandler' driver.
DEBUG - 2026-05-09 12:20:25 --> Session: Class initialized using 'CodeIgniter\Session\Handlers\FileHandler' driver.
DEBUG - 2026-05-09 12:20:26 --> Session: Class initialized using 'CodeIgniter\Session\Handlers\FileHandler' driver.
DEBUG - 2026-05-09 12:20:28 --> Session: Class initialized using 'CodeIgniter\Session\Handlers\FileHandler' driver.
DEBUG - 2026-05-09 12:20:30 --> Session: Class initialized using 'CodeIgniter\Session\Handlers\FileHandler' driver.
DEBUG - 2026-05-09 12:20:32 --> Session: Class initialized using 'CodeIgniter\Session\Handlers\FileHandler' driver.
ERROR - 2026-05-09 12:20:32 --> Unknown column 'porte_monnaie' in 'field list'
in SYSTEMPATH\Database\MySQLi\Connection.php on line 300.
 1 SYSTEMPATH\Database\MySQLi\Connection.php(300): mysqli->query()
 2 SYSTEMPATH\Database\BaseConnection.php(910): CodeIgniter\Database\MySQLi\Connection->execute()
 3 SYSTEMPATH\Database\BaseConnection.php(827): CodeIgniter\Database\BaseConnection->simpleQuery()
 4 SYSTEMPATH\Database\BaseBuilder.php(2521): CodeIgniter\Database\BaseConnection->query()
 5 SYSTEMPATH\Model.php(406): CodeIgniter\Database\BaseBuilder->update()
 6 SYSTEMPATH\BaseModel.php(1074): CodeIgniter\Model->doUpdate()
 7 SYSTEMPATH\Model.php(709): CodeIgniter\BaseModel->update()
 8 APPPATH\Controllers\AuthentificationControllers.php(56): CodeIgniter\Model->update()
 9 SYSTEMPATH\CodeIgniter.php(951): App\Controllers\AuthentificationControllers->rechargeWallet()
10 SYSTEMPATH\CodeIgniter.php(497): CodeIgniter\CodeIgniter->runController()
11 SYSTEMPATH\CodeIgniter.php(340): CodeIgniter\CodeIgniter->handleRequest()
12 SYSTEMPATH\Boot.php(417): CodeIgniter\CodeIgniter->run()
13 SYSTEMPATH\Boot.php(68): CodeIgniter\Boot::runCodeIgniter()
14 FCPATH\index.php(59): CodeIgniter\Boot::bootWeb()
DEBUG - 2026-05-09 12:20:32 --> Session: Class initialized using 'CodeIgniter\Session\Handlers\FileHandler' driver.
DEBUG - 2026-05-09 12:20:50 --> Session: Class initialized using 'CodeIgniter\Session\Handlers\FileHandler' driver.
ERROR - 2026-05-09 12:20:50 --> Unknown column 'porte_monnaie' in 'field list'
in SYSTEMPATH\Database\MySQLi\Connection.php on line 300.
 1 SYSTEMPATH\Database\MySQLi\Connection.php(300): mysqli->query()
 2 SYSTEMPATH\Database\BaseConnection.php(910): CodeIgniter\Database\MySQLi\Connection->execute()
 3 SYSTEMPATH\Database\BaseConnection.php(827): CodeIgniter\Database\BaseConnection->simpleQuery()
 4 SYSTEMPATH\Database\BaseBuilder.php(2521): CodeIgniter\Database\BaseConnection->query()
 5 SYSTEMPATH\Model.php(406): CodeIgniter\Database\BaseBuilder->update()
 6 SYSTEMPATH\BaseModel.php(1074): CodeIgniter\Model->doUpdate()
 7 SYSTEMPATH\Model.php(709): CodeIgniter\BaseModel->update()
 8 APPPATH\Controllers\AuthentificationControllers.php(56): CodeIgniter\Model->update()
 9 SYSTEMPATH\CodeIgniter.php(951): App\Controllers\AuthentificationControllers->rechargeWallet()
10 SYSTEMPATH\CodeIgniter.php(497): CodeIgniter\CodeIgniter->runController()
11 SYSTEMPATH\CodeIgniter.php(340): CodeIgniter\CodeIgniter->handleRequest()
12 SYSTEMPATH\Boot.php(417): CodeIgniter\CodeIgniter->run()
13 SYSTEMPATH\Boot.php(68): CodeIgniter\Boot::runCodeIgniter()
14 FCPATH\index.php(59): CodeIgniter\Boot::bootWeb()
DEBUG - 2026-05-09 12:20:50 --> Session: Class initialized using 'CodeIgniter\Session\Handlers\FileHandler' driver.
DEBUG - 2026-05-09 12:26:57 --> Session: Class initialized using 'CodeIgniter\Session\Handlers\FileHandler' driver.
DEBUG - 2026-05-09 12:27:01 --> Session: Class initialized using 'CodeIgniter\Session\Handlers\FileHandler' driver.
CRITICAL - 2026-05-09 12:27:01 --> Error: Class "App\Controllers\CodePortefeuilleModel" not found
[Method: POST, Route: recharge-wallet]
in APPPATH\Controllers\AuthentificationControllers.php on line 37.
 1 SYSTEMPATH\CodeIgniter.php(951): App\Controllers\AuthentificationControllers->rechargeWallet()
 2 SYSTEMPATH\CodeIgniter.php(497): CodeIgniter\CodeIgniter->runController()
 3 SYSTEMPATH\CodeIgniter.php(340): CodeIgniter\CodeIgniter->handleRequest()
 4 SYSTEMPATH\Boot.php(417): CodeIgniter\CodeIgniter->run()
 5 SYSTEMPATH\Boot.php(68): CodeIgniter\Boot::runCodeIgniter()
 6 FCPATH\index.php(59): CodeIgniter\Boot::bootWeb()
DEBUG - 2026-05-09 12:27:20 --> Session: Class initialized using 'CodeIgniter\Session\Handlers\FileHandler' driver.
DEBUG - 2026-05-09 12:27:22 --> Session: Class initialized using 'CodeIgniter\Session\Handlers\FileHandler' driver.
DEBUG - 2026-05-09 12:27:24 --> Session: Class initialized using 'CodeIgniter\Session\Handlers\FileHandler' driver.
DEBUG - 2026-05-09 12:27:37 --> Session: Class initialized using 'CodeIgniter\Session\Handlers\FileHandler' driver.
DEBUG - 2026-05-09 12:27:37 --> Session: Class initialized using 'CodeIgniter\Session\Handlers\FileHandler' driver.
DEBUG - 2026-05-09 12:27:40 --> Session: Class initialized using 'CodeIgniter\Session\Handlers\FileHandler' driver.
DEBUG - 2026-05-09 12:35:18 --> Session: Class initialized using 'CodeIgniter\Session\Handlers\FileHandler' driver.
DEBUG - 2026-05-09 12:35:20 --> Session: Class initialized using 'CodeIgniter\Session\Handlers\FileHandler' driver.
DEBUG - 2026-05-09 12:35:20 --> Session: Class initialized using 'CodeIgniter\Session\Handlers\FileHandler' driver.
DEBUG - 2026-05-09 12:35:21 --> Session: Class initialized using 'CodeIgniter\Session\Handlers\FileHandler' driver.
DEBUG - 2026-05-09 12:35:24 --> Session: Class initialized using 'CodeIgniter\Session\Handlers\FileHandler' driver.
DEBUG - 2026-05-09 12:35:25 --> Session: Class initialized using 'CodeIgniter\Session\Handlers\FileHandler' driver.
DEBUG - 2026-05-09 12:35:28 --> Session: Class initialized using 'CodeIgniter\Session\Handlers\FileHandler' driver.
DEBUG - 2026-05-09 12:35:28 --> Session: Class initialized using 'CodeIgniter\Session\Handlers\FileHandler' driver.
DEBUG - 2026-05-09 12:35:32 --> Session: Class initialized using 'CodeIgniter\Session\Handlers\FileHandler' driver.
DEBUG - 2026-05-09 12:35:41 --> Session: Class initialized using 'CodeIgniter\Session\Handlers\FileHandler' driver.
DEBUG - 2026-05-09 12:35:46 --> Session: Class initialized using 'CodeIgniter\Session\Handlers\FileHandler' driver.
DEBUG - 2026-05-09 12:35:52 --> Session: Class initialized using 'CodeIgniter\Session\Handlers\FileHandler' driver.
DEBUG - 2026-05-09 12:37:49 --> Session: Class initialized using 'CodeIgniter\Session\Handlers\FileHandler' driver.
DEBUG - 2026-05-09 12:37:51 --> Session: Class initialized using 'CodeIgniter\Session\Handlers\FileHandler' driver.
DEBUG - 2026-05-09 12:42:57 --> Session: Class initialized using 'CodeIgniter\Session\Handlers\FileHandler' driver.
DEBUG - 2026-05-09 12:43:02 --> Session: Class initialized using 'CodeIgniter\Session\Handlers\FileHandler' driver.
DEBUG - 2026-05-09 12:44:24 --> Session: Class initialized using 'CodeIgniter\Session\Handlers\FileHandler' driver.
DEBUG - 2026-05-09 12:48:36 --> Session: Class initialized using 'CodeIgniter\Session\Handlers\FileHandler' driver.
DEBUG - 2026-05-09 12:48:40 --> Session: Class initialized using 'CodeIgniter\Session\Handlers\FileHandler' driver.
DEBUG - 2026-05-09 12:48:47 --> Session: Class initialized using 'CodeIgniter\Session\Handlers\FileHandler' driver.
DEBUG - 2026-05-09 12:49:10 --> Session: Class initialized using 'CodeIgniter\Session\Handlers\FileHandler' driver.
DEBUG - 2026-05-09 12:49:11 --> Session: Class initialized using 'CodeIgniter\Session\Handlers\FileHandler' driver.
DEBUG - 2026-05-09 12:49:13 --> Session: Class initialized using 'CodeIgniter\Session\Handlers\FileHandler' driver.
DEBUG - 2026-05-09 12:49:16 --> Session: Class initialized using 'CodeIgniter\Session\Handlers\FileHandler' driver.
CRITICAL - 2026-05-09 12:49:16 --> Error: Class "App\Controllers\CodePortefeuilleModel" not found
[Method: GET, Route: admin/codes]
in APPPATH\Controllers\AuthentificationControllers.php on line 189.
 1 SYSTEMPATH\CodeIgniter.php(951): App\Controllers\AuthentificationControllers->adminCodes()
 2 SYSTEMPATH\CodeIgniter.php(497): CodeIgniter\CodeIgniter->runController()
 3 SYSTEMPATH\CodeIgniter.php(340): CodeIgniter\CodeIgniter->handleRequest()
 4 SYSTEMPATH\Boot.php(417): CodeIgniter\CodeIgniter->run()
 5 SYSTEMPATH\Boot.php(68): CodeIgniter\Boot::runCodeIgniter()
 6 FCPATH\index.php(59): CodeIgniter\Boot::bootWeb()
DEBUG - 2026-05-09 12:49:18 --> Session: Class initialized using 'CodeIgniter\Session\Handlers\FileHandler' driver.
CRITICAL - 2026-05-09 12:49:18 --> Error: Class "App\Controllers\CodePortefeuilleModel" not found
[Method: GET, Route: admin/codes]
in APPPATH\Controllers\AuthentificationControllers.php on line 189.
 1 SYSTEMPATH\CodeIgniter.php(951): App\Controllers\AuthentificationControllers->adminCodes()
 2 SYSTEMPATH\CodeIgniter.php(497): CodeIgniter\CodeIgniter->runController()
 3 SYSTEMPATH\CodeIgniter.php(340): CodeIgniter\CodeIgniter->handleRequest()
 4 SYSTEMPATH\Boot.php(417): CodeIgniter\CodeIgniter->run()
 5 SYSTEMPATH\Boot.php(68): CodeIgniter\Boot::runCodeIgniter()
 6 FCPATH\index.php(59): CodeIgniter\Boot::bootWeb()
DEBUG - 2026-05-09 12:49:20 --> Session: Class initialized using 'CodeIgniter\Session\Handlers\FileHandler' driver.
DEBUG - 2026-05-09 12:49:21 --> Session: Class initialized using 'CodeIgniter\Session\Handlers\FileHandler' driver.
DEBUG - 2026-05-09 12:50:04 --> Session: Class initialized using 'CodeIgniter\Session\Handlers\FileHandler' driver.
DEBUG - 2026-05-09 12:50:18 --> Session: Class initialized using 'CodeIgniter\Session\Handlers\FileHandler' driver.
DEBUG - 2026-05-09 12:50:19 --> Session: Class initialized using 'CodeIgniter\Session\Handlers\FileHandler' driver.
DEBUG - 2026-05-09 12:50:21 --> Session: Class initialized using 'CodeIgniter\Session\Handlers\FileHandler' driver.
DEBUG - 2026-05-09 12:50:22 --> Session: Class initialized using 'CodeIgniter\Session\Handlers\FileHandler' driver.
CRITICAL - 2026-05-09 12:50:22 --> Error: Class "App\Controllers\CodePortefeuilleModel" not found
[Method: GET, Route: admin/codes]
in APPPATH\Controllers\AuthentificationControllers.php on line 189.
 1 SYSTEMPATH\CodeIgniter.php(951): App\Controllers\AuthentificationControllers->adminCodes()
 2 SYSTEMPATH\CodeIgniter.php(497): CodeIgniter\CodeIgniter->runController()
 3 SYSTEMPATH\CodeIgniter.php(340): CodeIgniter\CodeIgniter->handleRequest()
 4 SYSTEMPATH\Boot.php(417): CodeIgniter\CodeIgniter->run()
 5 SYSTEMPATH\Boot.php(68): CodeIgniter\Boot::runCodeIgniter()
 6 FCPATH\index.php(59): CodeIgniter\Boot::bootWeb()
DEBUG - 2026-05-09 12:50:25 --> Session: Class initialized using 'CodeIgniter\Session\Handlers\FileHandler' driver.
DEBUG - 2026-05-09 12:50:30 --> Session: Class initialized using 'CodeIgniter\Session\Handlers\FileHandler' driver.
DEBUG - 2026-05-09 13:04:41 --> Session: Class initialized using 'CodeIgniter\Session\Handlers\FileHandler' driver.
DEBUG - 2026-05-09 13:04:43 --> Session: Class initialized using 'CodeIgniter\Session\Handlers\FileHandler' driver.
DEBUG - 2026-05-09 13:04:45 --> Session: Class initialized using 'CodeIgniter\Session\Handlers\FileHandler' driver.
DEBUG - 2026-05-09 13:04:47 --> Session: Class initialized using 'CodeIgniter\Session\Handlers\FileHandler' driver.
DEBUG - 2026-05-09 13:05:02 --> Session: Class initialized using 'CodeIgniter\Session\Handlers\FileHandler' driver.
DEBUG - 2026-05-09 13:05:06 --> Session: Class initialized using 'CodeIgniter\Session\Handlers\FileHandler' driver.
DEBUG - 2026-05-09 14:55:36 --> Session: Class initialized using 'CodeIgniter\Session\Handlers\FileHandler' driver.
DEBUG - 2026-05-09 14:55:45 --> Session: Class initialized using 'CodeIgniter\Session\Handlers\FileHandler' driver.
DEBUG - 2026-05-09 14:55:45 --> Session: Class initialized using 'CodeIgniter\Session\Handlers\FileHandler' driver.
DEBUG - 2026-05-09 14:55:49 --> Session: Class initialized using 'CodeIgniter\Session\Handlers\FileHandler' driver.
DEBUG - 2026-05-09 14:56:08 --> Session: Class initialized using 'CodeIgniter\Session\Handlers\FileHandler' driver.
DEBUG - 2026-05-09 14:56:32 --> Session: Class initialized using 'CodeIgniter\Session\Handlers\FileHandler' driver.
DEBUG - 2026-05-09 14:59:36 --> Session: Class initialized using 'CodeIgniter\Session\Handlers\FileHandler' driver.
DEBUG - 2026-05-09 14:59:36 --> Session: Class initialized using 'CodeIgniter\Session\Handlers\FileHandler' driver.
DEBUG - 2026-05-09 14:59:46 --> Session: Class initialized using 'CodeIgniter\Session\Handlers\FileHandler' driver.
DEBUG - 2026-05-09 14:59:47 --> Session: Class initialized using 'CodeIgniter\Session\Handlers\FileHandler' driver.
DEBUG - 2026-05-09 14:59:50 --> Session: Class initialized using 'CodeIgniter\Session\Handlers\FileHandler' driver.
DEBUG - 2026-05-09 14:59:52 --> Session: Class initialized using 'CodeIgniter\Session\Handlers\FileHandler' driver.
DEBUG - 2026-05-09 14:59:55 --> Session: Class initialized using 'CodeIgniter\Session\Handlers\FileHandler' driver.
DEBUG - 2026-05-09 15:00:00 --> Session: Class initialized using 'CodeIgniter\Session\Handlers\FileHandler' driver.
DEBUG - 2026-05-09 15:00:02 --> Session: Class initialized using 'CodeIgniter\Session\Handlers\FileHandler' driver.
DEBUG - 2026-05-09 15:00:03 --> Session: Class initialized using 'CodeIgniter\Session\Handlers\FileHandler' driver.
DEBUG - 2026-05-09 15:00:05 --> Session: Class initialized using 'CodeIgniter\Session\Handlers\FileHandler' driver.
DEBUG - 2026-05-09 15:01:18 --> Session: Class initialized using 'CodeIgniter\Session\Handlers\FileHandler' driver.
DEBUG - 2026-05-09 15:01:55 --> Session: Class initialized using 'CodeIgniter\Session\Handlers\FileHandler' driver.
DEBUG - 2026-05-09 15:01:55 --> Session: Class initialized using 'CodeIgniter\Session\Handlers\FileHandler' driver.
DEBUG - 2026-05-09 15:02:02 --> Session: Class initialized using 'CodeIgniter\Session\Handlers\FileHandler' driver.
DEBUG - 2026-05-09 15:02:02 --> Session: Class initialized using 'CodeIgniter\Session\Handlers\FileHandler' driver.
DEBUG - 2026-05-09 15:08:48 --> Session: Class initialized using 'CodeIgniter\Session\Handlers\FileHandler' driver.
DEBUG - 2026-05-09 15:08:48 --> Session: Class initialized using 'CodeIgniter\Session\Handlers\FileHandler' driver.
DEBUG - 2026-05-09 15:08:53 --> Session: Class initialized using 'CodeIgniter\Session\Handlers\FileHandler' driver.
DEBUG - 2026-05-09 15:08:53 --> Session: Class initialized using 'CodeIgniter\Session\Handlers\FileHandler' driver.
DEBUG - 2026-05-09 15:08:54 --> Session: Class initialized using 'CodeIgniter\Session\Handlers\FileHandler' driver.
DEBUG - 2026-05-09 15:08:56 --> Session: Class initialized using 'CodeIgniter\Session\Handlers\FileHandler' driver.
DEBUG - 2026-05-09 15:08:57 --> Session: Class initialized using 'CodeIgniter\Session\Handlers\FileHandler' driver.
DEBUG - 2026-05-09 15:08:59 --> Session: Class initialized using 'CodeIgniter\Session\Handlers\FileHandler' driver.
DEBUG - 2026-05-09 15:09:04 --> Session: Class initialized using 'CodeIgniter\Session\Handlers\FileHandler' driver.
ERROR - 2026-05-09 15:09:04 --> Unknown column 'porte_monnaie' in 'field list'
in SYSTEMPATH\Database\MySQLi\Connection.php on line 300.
 1 SYSTEMPATH\Database\MySQLi\Connection.php(300): mysqli->query()
 2 SYSTEMPATH\Database\BaseConnection.php(910): CodeIgniter\Database\MySQLi\Connection->execute()
 3 SYSTEMPATH\Database\BaseConnection.php(827): CodeIgniter\Database\BaseConnection->simpleQuery()
 4 SYSTEMPATH\Database\BaseBuilder.php(2521): CodeIgniter\Database\BaseConnection->query()
 5 SYSTEMPATH\Model.php(406): CodeIgniter\Database\BaseBuilder->update()
 6 SYSTEMPATH\BaseModel.php(1074): CodeIgniter\Model->doUpdate()
 7 SYSTEMPATH\Model.php(709): CodeIgniter\BaseModel->update()
 8 APPPATH\Controllers\AuthentificationControllers.php(63): CodeIgniter\Model->update()
 9 SYSTEMPATH\CodeIgniter.php(951): App\Controllers\AuthentificationControllers->rechargeWallet()
10 SYSTEMPATH\CodeIgniter.php(497): CodeIgniter\CodeIgniter->runController()
11 SYSTEMPATH\CodeIgniter.php(340): CodeIgniter\CodeIgniter->handleRequest()
12 SYSTEMPATH\Boot.php(417): CodeIgniter\CodeIgniter->run()
13 SYSTEMPATH\Boot.php(68): CodeIgniter\Boot::runCodeIgniter()
14 FCPATH\index.php(59): CodeIgniter\Boot::bootWeb()
DEBUG - 2026-05-09 15:09:04 --> Session: Class initialized using 'CodeIgniter\Session\Handlers\FileHandler' driver.
DEBUG - 2026-05-09 15:09:29 --> Session: Class initialized using 'CodeIgniter\Session\Handlers\FileHandler' driver.
ERROR - 2026-05-09 15:09:29 --> Unknown column 'porte_monnaie' in 'field list'
in SYSTEMPATH\Database\MySQLi\Connection.php on line 300.
 1 SYSTEMPATH\Database\MySQLi\Connection.php(300): mysqli->query()
 2 SYSTEMPATH\Database\BaseConnection.php(910): CodeIgniter\Database\MySQLi\Connection->execute()
 3 SYSTEMPATH\Database\BaseConnection.php(827): CodeIgniter\Database\BaseConnection->simpleQuery()
 4 SYSTEMPATH\Database\BaseBuilder.php(2521): CodeIgniter\Database\BaseConnection->query()
 5 SYSTEMPATH\Model.php(406): CodeIgniter\Database\BaseBuilder->update()
 6 SYSTEMPATH\BaseModel.php(1074): CodeIgniter\Model->doUpdate()
 7 SYSTEMPATH\Model.php(709): CodeIgniter\BaseModel->update()
 8 APPPATH\Controllers\AuthentificationControllers.php(63): CodeIgniter\Model->update()
 9 SYSTEMPATH\CodeIgniter.php(951): App\Controllers\AuthentificationControllers->rechargeWallet()
10 SYSTEMPATH\CodeIgniter.php(497): CodeIgniter\CodeIgniter->runController()
11 SYSTEMPATH\CodeIgniter.php(340): CodeIgniter\CodeIgniter->handleRequest()
12 SYSTEMPATH\Boot.php(417): CodeIgniter\CodeIgniter->run()
13 SYSTEMPATH\Boot.php(68): CodeIgniter\Boot::runCodeIgniter()
14 FCPATH\index.php(59): CodeIgniter\Boot::bootWeb()
DEBUG - 2026-05-09 15:09:29 --> Session: Class initialized using 'CodeIgniter\Session\Handlers\FileHandler' driver.
DEBUG - 2026-05-09 15:09:33 --> Session: Class initialized using 'CodeIgniter\Session\Handlers\FileHandler' driver.
DEBUG - 2026-05-09 15:11:12 --> Session: Class initialized using 'CodeIgniter\Session\Handlers\FileHandler' driver.
DEBUG - 2026-05-09 15:11:13 --> Session: Class initialized using 'CodeIgniter\Session\Handlers\FileHandler' driver.
DEBUG - 2026-05-09 15:11:14 --> Session: Class initialized using 'CodeIgniter\Session\Handlers\FileHandler' driver.
DEBUG - 2026-05-09 15:11:26 --> Session: Class initialized using 'CodeIgniter\Session\Handlers\FileHandler' driver.
DEBUG - 2026-05-09 15:11:26 --> Session: Class initialized using 'CodeIgniter\Session\Handlers\FileHandler' driver.
DEBUG - 2026-05-09 15:12:53 --> Session: Class initialized using 'CodeIgniter\Session\Handlers\FileHandler' driver.
DEBUG - 2026-05-09 15:12:54 --> Session: Class initialized using 'CodeIgniter\Session\Handlers\FileHandler' driver.
DEBUG - 2026-05-09 15:12:54 --> Session: Class initialized using 'CodeIgniter\Session\Handlers\FileHandler' driver.
DEBUG - 2026-05-09 15:22:19 --> Session: Class initialized using 'CodeIgniter\Session\Handlers\FileHandler' driver.
DEBUG - 2026-05-09 15:23:06 --> Session: Class initialized using 'CodeIgniter\Session\Handlers\FileHandler' driver.
DEBUG - 2026-05-09 15:23:09 --> Session: Class initialized using 'CodeIgniter\Session\Handlers\FileHandler' driver.
DEBUG - 2026-05-09 15:23:09 --> Session: Class initialized using 'CodeIgniter\Session\Handlers\FileHandler' driver.
DEBUG - 2026-05-09 15:23:11 --> Session: Class initialized using 'CodeIgniter\Session\Handlers\FileHandler' driver.
DEBUG - 2026-05-09 15:23:16 --> Session: Class initialized using 'CodeIgniter\Session\Handlers\FileHandler' driver.
DEBUG - 2026-05-09 15:23:18 --> Session: Class initialized using 'CodeIgniter\Session\Handlers\FileHandler' driver.
CRITICAL - 2026-05-09 15:23:18 --> ErrorException: Undefined array key "porte_monnaie"
[Method: POST, Route: souscrire-regime]
in APPPATH\Controllers\AuthentificationControllers.php on line 529.
 1 APPPATH\Controllers\AuthentificationControllers.php(529): CodeIgniter\Debug\Exceptions->errorHandler()
 2 SYSTEMPATH\CodeIgniter.php(951): App\Controllers\AuthentificationControllers->souscrireRegime()
 3 SYSTEMPATH\CodeIgniter.php(497): CodeIgniter\CodeIgniter->runController()
 4 SYSTEMPATH\CodeIgniter.php(340): CodeIgniter\CodeIgniter->handleRequest()
 5 SYSTEMPATH\Boot.php(417): CodeIgniter\CodeIgniter->run()
 6 SYSTEMPATH\Boot.php(68): CodeIgniter\Boot::runCodeIgniter()
 7 FCPATH\index.php(59): CodeIgniter\Boot::bootWeb()
DEBUG - 2026-05-09 15:23:25 --> Session: Class initialized using 'CodeIgniter\Session\Handlers\FileHandler' driver.
DEBUG - 2026-05-09 15:24:39 --> Session: Class initialized using 'CodeIgniter\Session\Handlers\FileHandler' driver.
DEBUG - 2026-05-09 15:24:41 --> Session: Class initialized using 'CodeIgniter\Session\Handlers\FileHandler' driver.
ERROR - 2026-05-09 15:24:41 --> Unknown column 'porte_monnaie' in 'field list'
in SYSTEMPATH\Database\MySQLi\Connection.php on line 300.
 1 SYSTEMPATH\Database\MySQLi\Connection.php(300): mysqli->query()
 2 SYSTEMPATH\Database\BaseConnection.php(910): CodeIgniter\Database\MySQLi\Connection->execute()
 3 SYSTEMPATH\Database\BaseConnection.php(827): CodeIgniter\Database\BaseConnection->simpleQuery()
 4 SYSTEMPATH\Database\BaseBuilder.php(2521): CodeIgniter\Database\BaseConnection->query()
 5 SYSTEMPATH\Model.php(406): CodeIgniter\Database\BaseBuilder->update()
 6 SYSTEMPATH\BaseModel.php(1074): CodeIgniter\Model->doUpdate()
 7 SYSTEMPATH\Model.php(709): CodeIgniter\BaseModel->update()
 8 APPPATH\Controllers\AuthentificationControllers.php(63): CodeIgniter\Model->update()
 9 SYSTEMPATH\CodeIgniter.php(951): App\Controllers\AuthentificationControllers->rechargeWallet()
10 SYSTEMPATH\CodeIgniter.php(497): CodeIgniter\CodeIgniter->runController()
11 SYSTEMPATH\CodeIgniter.php(340): CodeIgniter\CodeIgniter->handleRequest()
12 SYSTEMPATH\Boot.php(417): CodeIgniter\CodeIgniter->run()
13 SYSTEMPATH\Boot.php(68): CodeIgniter\Boot::runCodeIgniter()
14 FCPATH\index.php(59): CodeIgniter\Boot::bootWeb()
DEBUG - 2026-05-09 15:24:41 --> Session: Class initialized using 'CodeIgniter\Session\Handlers\FileHandler' driver.
DEBUG - 2026-05-09 15:24:48 --> Session: Class initialized using 'CodeIgniter\Session\Handlers\FileHandler' driver.
ERROR - 2026-05-09 15:24:48 --> Unknown column 'porte_monnaie' in 'field list'
in SYSTEMPATH\Database\MySQLi\Connection.php on line 300.
 1 SYSTEMPATH\Database\MySQLi\Connection.php(300): mysqli->query()
 2 SYSTEMPATH\Database\BaseConnection.php(910): CodeIgniter\Database\MySQLi\Connection->execute()
 3 SYSTEMPATH\Database\BaseConnection.php(827): CodeIgniter\Database\BaseConnection->simpleQuery()
 4 SYSTEMPATH\Database\BaseBuilder.php(2521): CodeIgniter\Database\BaseConnection->query()
 5 SYSTEMPATH\Model.php(406): CodeIgniter\Database\BaseBuilder->update()
 6 SYSTEMPATH\BaseModel.php(1074): CodeIgniter\Model->doUpdate()
 7 SYSTEMPATH\Model.php(709): CodeIgniter\BaseModel->update()
 8 APPPATH\Controllers\AuthentificationControllers.php(63): CodeIgniter\Model->update()
 9 SYSTEMPATH\CodeIgniter.php(951): App\Controllers\AuthentificationControllers->rechargeWallet()
10 SYSTEMPATH\CodeIgniter.php(497): CodeIgniter\CodeIgniter->runController()
11 SYSTEMPATH\CodeIgniter.php(340): CodeIgniter\CodeIgniter->handleRequest()
12 SYSTEMPATH\Boot.php(417): CodeIgniter\CodeIgniter->run()
13 SYSTEMPATH\Boot.php(68): CodeIgniter\Boot::runCodeIgniter()
14 FCPATH\index.php(59): CodeIgniter\Boot::bootWeb()
DEBUG - 2026-05-09 15:24:48 --> Session: Class initialized using 'CodeIgniter\Session\Handlers\FileHandler' driver.
DEBUG - 2026-05-09 15:24:52 --> Session: Class initialized using 'CodeIgniter\Session\Handlers\FileHandler' driver.
DEBUG - 2026-05-09 15:24:52 --> Session: Class initialized using 'CodeIgniter\Session\Handlers\FileHandler' driver.
DEBUG - 2026-05-09 15:24:56 --> Session: Class initialized using 'CodeIgniter\Session\Handlers\FileHandler' driver.
ERROR - 2026-05-09 15:24:56 --> Unknown column 'porte_monnaie' in 'field list'
in SYSTEMPATH\Database\MySQLi\Connection.php on line 300.
 1 SYSTEMPATH\Database\MySQLi\Connection.php(300): mysqli->query()
 2 SYSTEMPATH\Database\BaseConnection.php(910): CodeIgniter\Database\MySQLi\Connection->execute()
 3 SYSTEMPATH\Database\BaseConnection.php(827): CodeIgniter\Database\BaseConnection->simpleQuery()
 4 SYSTEMPATH\Database\BaseBuilder.php(2521): CodeIgniter\Database\BaseConnection->query()
 5 SYSTEMPATH\Model.php(406): CodeIgniter\Database\BaseBuilder->update()
 6 SYSTEMPATH\BaseModel.php(1074): CodeIgniter\Model->doUpdate()
 7 SYSTEMPATH\Model.php(709): CodeIgniter\BaseModel->update()
 8 APPPATH\Controllers\AuthentificationControllers.php(63): CodeIgniter\Model->update()
 9 SYSTEMPATH\CodeIgniter.php(951): App\Controllers\AuthentificationControllers->rechargeWallet()
10 SYSTEMPATH\CodeIgniter.php(497): CodeIgniter\CodeIgniter->runController()
11 SYSTEMPATH\CodeIgniter.php(340): CodeIgniter\CodeIgniter->handleRequest()
12 SYSTEMPATH\Boot.php(417): CodeIgniter\CodeIgniter->run()
13 SYSTEMPATH\Boot.php(68): CodeIgniter\Boot::runCodeIgniter()
14 FCPATH\index.php(59): CodeIgniter\Boot::bootWeb()
DEBUG - 2026-05-09 15:24:56 --> Session: Class initialized using 'CodeIgniter\Session\Handlers\FileHandler' driver.
DEBUG - 2026-05-09 15:26:12 --> Session: Class initialized using 'CodeIgniter\Session\Handlers\FileHandler' driver.
DEBUG - 2026-05-09 15:26:14 --> Session: Class initialized using 'CodeIgniter\Session\Handlers\FileHandler' driver.
DEBUG - 2026-05-09 15:26:15 --> Session: Class initialized using 'CodeIgniter\Session\Handlers\FileHandler' driver.
DEBUG - 2026-05-09 15:26:17 --> Session: Class initialized using 'CodeIgniter\Session\Handlers\FileHandler' driver.
DEBUG - 2026-05-09 15:30:58 --> Session: Class initialized using 'CodeIgniter\Session\Handlers\FileHandler' driver.
DEBUG - 2026-05-09 15:31:00 --> Session: Class initialized using 'CodeIgniter\Session\Handlers\FileHandler' driver.
DEBUG - 2026-05-09 15:31:01 --> Session: Class initialized using 'CodeIgniter\Session\Handlers\FileHandler' driver.
DEBUG - 2026-05-09 15:31:03 --> Session: Class initialized using 'CodeIgniter\Session\Handlers\FileHandler' driver.
DEBUG - 2026-05-09 15:31:03 --> Session: Class initialized using 'CodeIgniter\Session\Handlers\FileHandler' driver.
DEBUG - 2026-05-09 15:31:05 --> Session: Class initialized using 'CodeIgniter\Session\Handlers\FileHandler' driver.
DEBUG - 2026-05-09 15:31:05 --> Session: Class initialized using 'CodeIgniter\Session\Handlers\FileHandler' driver.
DEBUG - 2026-05-09 15:31:08 --> Session: Class initialized using 'CodeIgniter\Session\Handlers\FileHandler' driver.
DEBUG - 2026-05-09 15:31:09 --> Session: Class initialized using 'CodeIgniter\Session\Handlers\FileHandler' driver.
DEBUG - 2026-05-09 15:31:44 --> Session: Class initialized using 'CodeIgniter\Session\Handlers\FileHandler' driver.
DEBUG - 2026-05-09 15:31:44 --> Session: Class initialized using 'CodeIgniter\Session\Handlers\FileHandler' driver.
DEBUG - 2026-05-09 15:31:45 --> Session: Class initialized using 'CodeIgniter\Session\Handlers\FileHandler' driver.
DEBUG - 2026-05-09 15:31:46 --> Session: Class initialized using 'CodeIgniter\Session\Handlers\FileHandler' driver.
DEBUG - 2026-05-09 15:31:51 --> Session: Class initialized using 'CodeIgniter\Session\Handlers\FileHandler' driver.
DEBUG - 2026-05-09 15:31:53 --> Session: Class initialized using 'CodeIgniter\Session\Handlers\FileHandler' driver.
DEBUG - 2026-05-09 15:31:53 --> Session: Class initialized using 'CodeIgniter\Session\Handlers\FileHandler' driver.
DEBUG - 2026-05-09 15:31:59 --> Session: Class initialized using 'CodeIgniter\Session\Handlers\FileHandler' driver.
DEBUG - 2026-05-09 15:32:11 --> Session: Class initialized using 'CodeIgniter\Session\Handlers\FileHandler' driver.
DEBUG - 2026-05-09 15:32:13 --> Session: Class initialized using 'CodeIgniter\Session\Handlers\FileHandler' driver.
DEBUG - 2026-05-09 15:32:20 --> Session: Class initialized using 'CodeIgniter\Session\Handlers\FileHandler' driver.
DEBUG - 2026-05-09 15:32:21 --> Session: Class initialized using 'CodeIgniter\Session\Handlers\FileHandler' driver.
DEBUG - 2026-05-09 17:01:59 --> Session: Class initialized using 'CodeIgniter\Session\Handlers\FileHandler' driver.
DEBUG - 2026-05-09 17:03:00 --> Session: Class initialized using 'CodeIgniter\Session\Handlers\FileHandler' driver.
DEBUG - 2026-05-09 17:03:01 --> Session: Class initialized using 'CodeIgniter\Session\Handlers\FileHandler' driver.
DEBUG - 2026-05-09 17:03:01 --> Session: Class initialized using 'CodeIgniter\Session\Handlers\FileHandler' driver.
DEBUG - 2026-05-09 17:03:11 --> Session: Class initialized using 'CodeIgniter\Session\Handlers\FileHandler' driver.
DEBUG - 2026-05-09 17:03:12 --> Session: Class initialized using 'CodeIgniter\Session\Handlers\FileHandler' driver.
DEBUG - 2026-05-09 17:12:31 --> Session: Class initialized using 'CodeIgniter\Session\Handlers\FileHandler' driver.
DEBUG - 2026-05-09 17:12:34 --> Session: Class initialized using 'CodeIgniter\Session\Handlers\FileHandler' driver.
DEBUG - 2026-05-09 17:12:35 --> Session: Class initialized using 'CodeIgniter\Session\Handlers\FileHandler' driver.
DEBUG - 2026-05-09 17:12:36 --> Session: Class initialized using 'CodeIgniter\Session\Handlers\FileHandler' driver.
DEBUG - 2026-05-09 17:12:37 --> Session: Class initialized using 'CodeIgniter\Session\Handlers\FileHandler' driver.
DEBUG - 2026-05-09 17:12:38 --> Session: Class initialized using 'CodeIgniter\Session\Handlers\FileHandler' driver.
DEBUG - 2026-05-09 17:12:45 --> Session: Class initialized using 'CodeIgniter\Session\Handlers\FileHandler' driver.
DEBUG - 2026-05-09 17:12:50 --> Session: Class initialized using 'CodeIgniter\Session\Handlers\FileHandler' driver.
DEBUG - 2026-05-09 17:12:50 --> Session: Class initialized using 'CodeIgniter\Session\Handlers\FileHandler' driver.
DEBUG - 2026-05-09 17:12:53 --> Session: Class initialized using 'CodeIgniter\Session\Handlers\FileHandler' driver.
DEBUG - 2026-05-09 17:13:44 --> Session: Class initialized using 'CodeIgniter\Session\Handlers\FileHandler' driver.
DEBUG - 2026-05-09 17:13:46 --> Session: Class initialized using 'CodeIgniter\Session\Handlers\FileHandler' driver.
DEBUG - 2026-05-09 17:20:32 --> Session: Class initialized using 'CodeIgniter\Session\Handlers\FileHandler' driver.
DEBUG - 2026-05-09 17:20:32 --> Session: Class initialized using 'CodeIgniter\Session\Handlers\FileHandler' driver.
DEBUG - 2026-05-09 17:20:32 --> Session: Class initialized using 'CodeIgniter\Session\Handlers\FileHandler' driver.
DEBUG - 2026-05-09 17:20:33 --> Session: Class initialized using 'CodeIgniter\Session\Handlers\FileHandler' driver.
DEBUG - 2026-05-09 17:20:33 --> Session: Class initialized using 'CodeIgniter\Session\Handlers\FileHandler' driver.
DEBUG - 2026-05-09 17:21:26 --> Session: Class initialized using 'CodeIgniter\Session\Handlers\FileHandler' driver.
DEBUG - 2026-05-09 17:21:56 --> Session: Class initialized using 'CodeIgniter\Session\Handlers\FileHandler' driver.
DEBUG - 2026-05-09 17:21:57 --> Session: Class initialized using 'CodeIgniter\Session\Handlers\FileHandler' driver.
DEBUG - 2026-05-09 17:21:57 --> Session: Class initialized using 'CodeIgniter\Session\Handlers\FileHandler' driver.
DEBUG - 2026-05-09 17:21:57 --> Session: Class initialized using 'CodeIgniter\Session\Handlers\FileHandler' driver.
DEBUG - 2026-05-09 17:23:35 --> Session: Class initialized using 'CodeIgniter\Session\Handlers\FileHandler' driver.
DEBUG - 2026-05-09 17:23:35 --> Session: Class initialized using 'CodeIgniter\Session\Handlers\FileHandler' driver.
DEBUG - 2026-05-09 17:23:35 --> Session: Class initialized using 'CodeIgniter\Session\Handlers\FileHandler' driver.
DEBUG - 2026-05-09 17:23:36 --> Session: Class initialized using 'CodeIgniter\Session\Handlers\FileHandler' driver.
DEBUG - 2026-05-09 17:23:36 --> Session: Class initialized using 'CodeIgniter\Session\Handlers\FileHandler' driver.
DEBUG - 2026-05-09 17:24:05 --> Session: Class initialized using 'CodeIgniter\Session\Handlers\FileHandler' driver.
DEBUG - 2026-05-09 17:24:06 --> Session: Class initialized using 'CodeIgniter\Session\Handlers\FileHandler' driver.
DEBUG - 2026-05-09 17:24:07 --> Session: Class initialized using 'CodeIgniter\Session\Handlers\FileHandler' driver.
DEBUG - 2026-05-09 17:24:07 --> Session: Class initialized using 'CodeIgniter\Session\Handlers\FileHandler' driver.
DEBUG - 2026-05-09 17:24:07 --> Session: Class initialized using 'CodeIgniter\Session\Handlers\FileHandler' driver.
DEBUG - 2026-05-09 17:24:07 --> Session: Class initialized using 'CodeIgniter\Session\Handlers\FileHandler' driver.
DEBUG - 2026-05-09 17:24:23 --> Session: Class initialized using 'CodeIgniter\Session\Handlers\FileHandler' driver.
DEBUG - 2026-05-09 17:24:25 --> Session: Class initialized using 'CodeIgniter\Session\Handlers\FileHandler' driver.
DEBUG - 2026-05-09 17:24:46 --> Session: Class initialized using 'CodeIgniter\Session\Handlers\FileHandler' driver.
DEBUG - 2026-05-09 17:24:51 --> Session: Class initialized using 'CodeIgniter\Session\Handlers\FileHandler' driver.
DEBUG - 2026-05-09 17:24:51 --> Session: Class initialized using 'CodeIgniter\Session\Handlers\FileHandler' driver.
DEBUG - 2026-05-09 17:25:13 --> Session: Class initialized using 'CodeIgniter\Session\Handlers\FileHandler' driver.
DEBUG - 2026-05-09 17:25:15 --> Session: Class initialized using 'CodeIgniter\Session\Handlers\FileHandler' driver.
DEBUG - 2026-05-09 17:25:16 --> Session: Class initialized using 'CodeIgniter\Session\Handlers\FileHandler' driver.
DEBUG - 2026-05-09 17:25:16 --> Session: Class initialized using 'CodeIgniter\Session\Handlers\FileHandler' driver.
DEBUG - 2026-05-09 17:26:36 --> Session: Class initialized using 'CodeIgniter\Session\Handlers\FileHandler' driver.
DEBUG - 2026-05-09 17:26:38 --> Session: Class initialized using 'CodeIgniter\Session\Handlers\FileHandler' driver.
DEBUG - 2026-05-09 17:26:42 --> Session: Class initialized using 'CodeIgniter\Session\Handlers\FileHandler' driver.
DEBUG - 2026-05-09 17:26:45 --> Session: Class initialized using 'CodeIgniter\Session\Handlers\FileHandler' driver.
DEBUG - 2026-05-09 17:26:45 --> Session: Class initialized using 'CodeIgniter\Session\Handlers\FileHandler' driver.
DEBUG - 2026-05-09 17:26:47 --> Session: Class initialized using 'CodeIgniter\Session\Handlers\FileHandler' driver.
DEBUG - 2026-05-09 17:26:50 --> Session: Class initialized using 'CodeIgniter\Session\Handlers\FileHandler' driver.
DEBUG - 2026-05-09 17:26:50 --> Session: Class initialized using 'CodeIgniter\Session\Handlers\FileHandler' driver.
DEBUG - 2026-05-09 17:26:54 --> Session: Class initialized using 'CodeIgniter\Session\Handlers\FileHandler' driver.
DEBUG - 2026-05-09 17:27:00 --> Session: Class initialized using 'CodeIgniter\Session\Handlers\FileHandler' driver.
DEBUG - 2026-05-09 17:27:43 --> Session: Class initialized using 'CodeIgniter\Session\Handlers\FileHandler' driver.
DEBUG - 2026-05-09 17:27:47 --> Session: Class initialized using 'CodeIgniter\Session\Handlers\FileHandler' driver.
DEBUG - 2026-05-09 17:27:49 --> Session: Class initialized using 'CodeIgniter\Session\Handlers\FileHandler' driver.
DEBUG - 2026-05-09 17:28:12 --> Session: Class initialized using 'CodeIgniter\Session\Handlers\FileHandler' driver.
DEBUG - 2026-05-09 17:31:12 --> Session: Class initialized using 'CodeIgniter\Session\Handlers\FileHandler' driver.
DEBUG - 2026-05-09 17:34:03 --> Session: Class initialized using 'CodeIgniter\Session\Handlers\FileHandler' driver.
DEBUG - 2026-05-09 17:34:29 --> Session: Class initialized using 'CodeIgniter\Session\Handlers\FileHandler' driver.
DEBUG - 2026-05-09 17:34:29 --> Session: Class initialized using 'CodeIgniter\Session\Handlers\FileHandler' driver.
DEBUG - 2026-05-09 17:34:39 --> Session: Class initialized using 'CodeIgniter\Session\Handlers\FileHandler' driver.
DEBUG - 2026-05-09 17:34:42 --> Session: Class initialized using 'CodeIgniter\Session\Handlers\FileHandler' driver.
DEBUG - 2026-05-09 17:34:44 --> Session: Class initialized using 'CodeIgniter\Session\Handlers\FileHandler' driver.
DEBUG - 2026-05-09 17:49:08 --> Session: Class initialized using 'CodeIgniter\Session\Handlers\FileHandler' driver.
DEBUG - 2026-05-09 17:49:58 --> Session: Class initialized using 'CodeIgniter\Session\Handlers\FileHandler' driver.
DEBUG - 2026-05-09 17:50:00 --> Session: Class initialized using 'CodeIgniter\Session\Handlers\FileHandler' driver.
DEBUG - 2026-05-09 17:55:24 --> Session: Class initialized using 'CodeIgniter\Session\Handlers\FileHandler' driver.
DEBUG - 2026-05-09 17:55:25 --> Session: Class initialized using 'CodeIgniter\Session\Handlers\FileHandler' driver.
DEBUG - 2026-05-09 17:55:25 --> Session: Class initialized using 'CodeIgniter\Session\Handlers\FileHandler' driver.
DEBUG - 2026-05-09 17:55:29 --> Session: Class initialized using 'CodeIgniter\Session\Handlers\FileHandler' driver.
DEBUG - 2026-05-09 17:55:32 --> Session: Class initialized using 'CodeIgniter\Session\Handlers\FileHandler' driver.
DEBUG - 2026-05-09 17:55:37 --> Session: Class initialized using 'CodeIgniter\Session\Handlers\FileHandler' driver.
DEBUG - 2026-05-09 17:55:45 --> Session: Class initialized using 'CodeIgniter\Session\Handlers\FileHandler' driver.
DEBUG - 2026-05-09 17:55:45 --> Session: Class initialized using 'CodeIgniter\Session\Handlers\FileHandler' driver.
DEBUG - 2026-05-09 17:55:49 --> Session: Class initialized using 'CodeIgniter\Session\Handlers\FileHandler' driver.
DEBUG - 2026-05-09 17:55:52 --> Session: Class initialized using 'CodeIgniter\Session\Handlers\FileHandler' driver.
DEBUG - 2026-05-09 17:56:11 --> Session: Class initialized using 'CodeIgniter\Session\Handlers\FileHandler' driver.
DEBUG - 2026-05-09 17:56:19 --> Session: Class initialized using 'CodeIgniter\Session\Handlers\FileHandler' driver.
DEBUG - 2026-05-09 17:56:47 --> Session: Class initialized using 'CodeIgniter\Session\Handlers\FileHandler' driver.
DEBUG - 2026-05-09 17:56:48 --> Session: Class initialized using 'CodeIgniter\Session\Handlers\FileHandler' driver.
DEBUG - 2026-05-09 17:56:54 --> Session: Class initialized using 'CodeIgniter\Session\Handlers\FileHandler' driver.
DEBUG - 2026-05-09 17:56:54 --> Session: Class initialized using 'CodeIgniter\Session\Handlers\FileHandler' driver.
DEBUG - 2026-05-09 17:56:54 --> Session: Class initialized using 'CodeIgniter\Session\Handlers\FileHandler' driver.
DEBUG - 2026-05-09 17:58:46 --> Session: Class initialized using 'CodeIgniter\Session\Handlers\FileHandler' driver.
DEBUG - 2026-05-09 17:58:52 --> Session: Class initialized using 'CodeIgniter\Session\Handlers\FileHandler' driver.
DEBUG - 2026-05-09 17:59:04 --> Session: Class initialized using 'CodeIgniter\Session\Handlers\FileHandler' driver.
DEBUG - 2026-05-09 17:59:04 --> Session: Class initialized using 'CodeIgniter\Session\Handlers\FileHandler' driver.
DEBUG - 2026-05-09 17:59:06 --> Session: Class initialized using 'CodeIgniter\Session\Handlers\FileHandler' driver.
DEBUG - 2026-05-09 17:59:09 --> Session: Class initialized using 'CodeIgniter\Session\Handlers\FileHandler' driver.
DEBUG - 2026-05-09 17:59:12 --> Session: Class initialized using 'CodeIgniter\Session\Handlers\FileHandler' driver.
DEBUG - 2026-05-09 18:00:35 --> Session: Class initialized using 'CodeIgniter\Session\Handlers\FileHandler' driver.
DEBUG - 2026-05-09 18:00:35 --> Session: Class initialized using 'CodeIgniter\Session\Handlers\FileHandler' driver.
DEBUG - 2026-05-09 18:00:36 --> Session: Class initialized using 'CodeIgniter\Session\Handlers\FileHandler' driver.
DEBUG - 2026-05-09 18:00:38 --> Session: Class initialized using 'CodeIgniter\Session\Handlers\FileHandler' driver.
DEBUG - 2026-05-09 18:00:40 --> Session: Class initialized using 'CodeIgniter\Session\Handlers\FileHandler' driver.
DEBUG - 2026-05-09 18:00:59 --> Session: Class initialized using 'CodeIgniter\Session\Handlers\FileHandler' driver.
DEBUG - 2026-05-09 18:00:59 --> Session: Class initialized using 'CodeIgniter\Session\Handlers\FileHandler' driver.
DEBUG - 2026-05-09 18:01:04 --> Session: Class initialized using 'CodeIgniter\Session\Handlers\FileHandler' driver.
DEBUG - 2026-05-09 18:01:04 --> Session: Class initialized using 'CodeIgniter\Session\Handlers\FileHandler' driver.
DEBUG - 2026-05-09 18:01:06 --> Session: Class initialized using 'CodeIgniter\Session\Handlers\FileHandler' driver.
DEBUG - 2026-05-09 18:02:11 --> Session: Class initialized using 'CodeIgniter\Session\Handlers\FileHandler' driver.
DEBUG - 2026-05-09 18:02:28 --> Session: Class initialized using 'CodeIgniter\Session\Handlers\FileHandler' driver.
DEBUG - 2026-05-09 18:02:28 --> Session: Class initialized using 'CodeIgniter\Session\Handlers\FileHandler' driver.
DEBUG - 2026-05-09 18:02:34 --> Session: Class initialized using 'CodeIgniter\Session\Handlers\FileHandler' driver.
DEBUG - 2026-05-09 18:02:35 --> Session: Class initialized using 'CodeIgniter\Session\Handlers\FileHandler' driver.
DEBUG - 2026-05-09 18:02:36 --> Session: Class initialized using 'CodeIgniter\Session\Handlers\FileHandler' driver.
DEBUG - 2026-05-09 18:02:42 --> Session: Class initialized using 'CodeIgniter\Session\Handlers\FileHandler' driver.
DEBUG - 2026-05-09 18:02:43 --> Session: Class initialized using 'CodeIgniter\Session\Handlers\FileHandler' driver.
DEBUG - 2026-05-09 18:02:44 --> Session: Class initialized using 'CodeIgniter\Session\Handlers\FileHandler' driver.
DEBUG - 2026-05-09 18:02:45 --> Session: Class initialized using 'CodeIgniter\Session\Handlers\FileHandler' driver.
DEBUG - 2026-05-09 18:02:45 --> Session: Class initialized using 'CodeIgniter\Session\Handlers\FileHandler' driver.
DEBUG - 2026-05-09 18:02:46 --> Session: Class initialized using 'CodeIgniter\Session\Handlers\FileHandler' driver.
DEBUG - 2026-05-09 18:02:46 --> Session: Class initialized using 'CodeIgniter\Session\Handlers\FileHandler' driver.
DEBUG - 2026-05-09 18:03:34 --> Session: Class initialized using 'CodeIgniter\Session\Handlers\FileHandler' driver.
DEBUG - 2026-05-09 18:03:36 --> Session: Class initialized using 'CodeIgniter\Session\Handlers\FileHandler' driver.
DEBUG - 2026-05-09 18:03:38 --> Session: Class initialized using 'CodeIgniter\Session\Handlers\FileHandler' driver.
DEBUG - 2026-05-09 18:03:44 --> Session: Class initialized using 'CodeIgniter\Session\Handlers\FileHandler' driver.
DEBUG - 2026-05-09 18:03:49 --> Session: Class initialized using 'CodeIgniter\Session\Handlers\FileHandler' driver.
DEBUG - 2026-05-09 18:03:49 --> Session: Class initialized using 'CodeIgniter\Session\Handlers\FileHandler' driver.
DEBUG - 2026-05-09 18:03:51 --> Session: Class initialized using 'CodeIgniter\Session\Handlers\FileHandler' driver.
DEBUG - 2026-05-09 18:04:03 --> Session: Class initialized using 'CodeIgniter\Session\Handlers\FileHandler' driver.
DEBUG - 2026-05-09 18:04:04 --> Session: Class initialized using 'CodeIgniter\Session\Handlers\FileHandler' driver.
DEBUG - 2026-05-09 18:04:07 --> Session: Class initialized using 'CodeIgniter\Session\Handlers\FileHandler' driver.
DEBUG - 2026-05-09 18:11:43 --> Session: Class initialized using 'CodeIgniter\Session\Handlers\FileHandler' driver.
DEBUG - 2026-05-09 18:11:47 --> Session: Class initialized using 'CodeIgniter\Session\Handlers\FileHandler' driver.
DEBUG - 2026-05-09 18:12:38 --> Session: Class initialized using 'CodeIgniter\Session\Handlers\FileHandler' driver.
DEBUG - 2026-05-09 18:12:42 --> Session: Class initialized using 'CodeIgniter\Session\Handlers\FileHandler' driver.
DEBUG - 2026-05-09 18:18:17 --> Session: Class initialized using 'CodeIgniter\Session\Handlers\FileHandler' driver.
DEBUG - 2026-05-09 18:18:21 --> Session: Class initialized using 'CodeIgniter\Session\Handlers\FileHandler' driver.
DEBUG - 2026-05-09 18:18:21 --> Session: Class initialized using 'CodeIgniter\Session\Handlers\FileHandler' driver.
DEBUG - 2026-05-09 18:18:23 --> Session: Class initialized using 'CodeIgniter\Session\Handlers\FileHandler' driver.
DEBUG - 2026-05-09 18:35:01 --> Session: Class initialized using 'CodeIgniter\Session\Handlers\FileHandler' driver.
DEBUG - 2026-05-09 18:35:02 --> Session: Class initialized using 'CodeIgniter\Session\Handlers\FileHandler' driver.
DEBUG - 2026-05-09 18:35:03 --> Session: Class initialized using 'CodeIgniter\Session\Handlers\FileHandler' driver.
DEBUG - 2026-05-09 18:35:04 --> Session: Class initialized using 'CodeIgniter\Session\Handlers\FileHandler' driver.
DEBUG - 2026-05-09 18:35:04 --> Session: Class initialized using 'CodeIgniter\Session\Handlers\FileHandler' driver.
DEBUG - 2026-05-09 18:35:05 --> Session: Class initialized using 'CodeIgniter\Session\Handlers\FileHandler' driver.
DEBUG - 2026-05-09 18:35:14 --> Session: Class initialized using 'CodeIgniter\Session\Handlers\FileHandler' driver.
DEBUG - 2026-05-09 18:35:28 --> Session: Class initialized using 'CodeIgniter\Session\Handlers\FileHandler' driver.
DEBUG - 2026-05-09 18:35:28 --> Session: Class initialized using 'CodeIgniter\Session\Handlers\FileHandler' driver.
DEBUG - 2026-05-09 18:35:30 --> Session: Class initialized using 'CodeIgniter\Session\Handlers\FileHandler' driver.
DEBUG - 2026-05-09 18:35:31 --> Session: Class initialized using 'CodeIgniter\Session\Handlers\FileHandler' driver.
DEBUG - 2026-05-09 18:35:32 --> Session: Class initialized using 'CodeIgniter\Session\Handlers\FileHandler' driver.
DEBUG - 2026-05-09 18:35:47 --> Session: Class initialized using 'CodeIgniter\Session\Handlers\FileHandler' driver.
DEBUG - 2026-05-09 18:35:48 --> Session: Class initialized using 'CodeIgniter\Session\Handlers\FileHandler' driver.
DEBUG - 2026-05-09 18:35:48 --> Session: Class initialized using 'CodeIgniter\Session\Handlers\FileHandler' driver.
DEBUG - 2026-05-09 18:36:06 --> Session: Class initialized using 'CodeIgniter\Session\Handlers\FileHandler' driver.
DEBUG - 2026-05-09 18:36:06 --> Session: Class initialized using 'CodeIgniter\Session\Handlers\FileHandler' driver.
DEBUG - 2026-05-09 18:36:07 --> Session: Class initialized using 'CodeIgniter\Session\Handlers\FileHandler' driver.
DEBUG - 2026-05-09 18:36:07 --> Session: Class initialized using 'CodeIgniter\Session\Handlers\FileHandler' driver.
DEBUG - 2026-05-09 18:36:08 --> Session: Class initialized using 'CodeIgniter\Session\Handlers\FileHandler' driver.
DEBUG - 2026-05-09 18:36:08 --> Session: Class initialized using 'CodeIgniter\Session\Handlers\FileHandler' driver.
DEBUG - 2026-05-09 18:36:15 --> Session: Class initialized using 'CodeIgniter\Session\Handlers\FileHandler' driver.
DEBUG - 2026-05-09 18:36:17 --> Session: Class initialized using 'CodeIgniter\Session\Handlers\FileHandler' driver.
DEBUG - 2026-05-09 18:36:18 --> Session: Class initialized using 'CodeIgniter\Session\Handlers\FileHandler' driver.
DEBUG - 2026-05-09 18:38:10 --> Session: Class initialized using 'CodeIgniter\Session\Handlers\FileHandler' driver.
DEBUG - 2026-05-09 18:38:12 --> Session: Class initialized using 'CodeIgniter\Session\Handlers\FileHandler' driver.
DEBUG - 2026-05-09 18:38:12 --> Session: Class initialized using 'CodeIgniter\Session\Handlers\FileHandler' driver.
DEBUG - 2026-05-09 18:38:13 --> Session: Class initialized using 'CodeIgniter\Session\Handlers\FileHandler' driver.
DEBUG - 2026-05-09 18:38:15 --> Session: Class initialized using 'CodeIgniter\Session\Handlers\FileHandler' driver.
DEBUG - 2026-05-09 18:38:21 --> Session: Class initialized using 'CodeIgniter\Session\Handlers\FileHandler' driver.
DEBUG - 2026-05-09 18:38:26 --> Session: Class initialized using 'CodeIgniter\Session\Handlers\FileHandler' driver.
DEBUG - 2026-05-09 18:38:27 --> Session: Class initialized using 'CodeIgniter\Session\Handlers\FileHandler' driver.
DEBUG - 2026-05-09 18:38:29 --> Session: Class initialized using 'CodeIgniter\Session\Handlers\FileHandler' driver.
DEBUG - 2026-05-09 18:38:29 --> Session: Class initialized using 'CodeIgniter\Session\Handlers\FileHandler' driver.
DEBUG - 2026-05-09 18:38:32 --> Session: Class initialized using 'CodeIgniter\Session\Handlers\FileHandler' driver.
DEBUG - 2026-05-09 18:38:33 --> Session: Class initialized using 'CodeIgniter\Session\Handlers\FileHandler' driver.
DEBUG - 2026-05-09 18:39:27 --> Session: Class initialized using 'CodeIgniter\Session\Handlers\FileHandler' driver.
DEBUG - 2026-05-09 18:39:52 --> Session: Class initialized using 'CodeIgniter\Session\Handlers\FileHandler' driver.
DEBUG - 2026-05-09 18:39:54 --> Session: Class initialized using 'CodeIgniter\Session\Handlers\FileHandler' driver.
DEBUG - 2026-05-09 18:39:55 --> Session: Class initialized using 'CodeIgniter\Session\Handlers\FileHandler' driver.
DEBUG - 2026-05-09 18:39:55 --> Session: Class initialized using 'CodeIgniter\Session\Handlers\FileHandler' driver.
DEBUG - 2026-05-09 18:39:55 --> Session: Class initialized using 'CodeIgniter\Session\Handlers\FileHandler' driver.
DEBUG - 2026-05-09 18:39:56 --> Session: Class initialized using 'CodeIgniter\Session\Handlers\FileHandler' driver.
DEBUG - 2026-05-09 18:39:56 --> Session: Class initialized using 'CodeIgniter\Session\Handlers\FileHandler' driver.
DEBUG - 2026-05-09 18:40:04 --> Session: Class initialized using 'CodeIgniter\Session\Handlers\FileHandler' driver.
DEBUG - 2026-05-09 18:44:57 --> Session: Class initialized using 'CodeIgniter\Session\Handlers\FileHandler' driver.
DEBUG - 2026-05-09 18:44:58 --> Session: Class initialized using 'CodeIgniter\Session\Handlers\FileHandler' driver.
DEBUG - 2026-05-09 18:44:59 --> Session: Class initialized using 'CodeIgniter\Session\Handlers\FileHandler' driver.
DEBUG - 2026-05-09 18:45:00 --> Session: Class initialized using 'CodeIgniter\Session\Handlers\FileHandler' driver.
DEBUG - 2026-05-09 18:45:01 --> Session: Class initialized using 'CodeIgniter\Session\Handlers\FileHandler' driver.
DEBUG - 2026-05-09 18:45:02 --> Session: Class initialized using 'CodeIgniter\Session\Handlers\FileHandler' driver.
DEBUG - 2026-05-09 18:49:42 --> Session: Class initialized using 'CodeIgniter\Session\Handlers\FileHandler' driver.
DEBUG - 2026-05-09 18:49:43 --> Session: Class initialized using 'CodeIgniter\Session\Handlers\FileHandler' driver.
DEBUG - 2026-05-09 18:49:43 --> Session: Class initialized using 'CodeIgniter\Session\Handlers\FileHandler' driver.
DEBUG - 2026-05-09 18:49:47 --> Session: Class initialized using 'CodeIgniter\Session\Handlers\FileHandler' driver.
DEBUG - 2026-05-09 18:52:01 --> Session: Class initialized using 'CodeIgniter\Session\Handlers\FileHandler' driver.
DEBUG - 2026-05-09 18:52:02 --> Session: Class initialized using 'CodeIgniter\Session\Handlers\FileHandler' driver.
DEBUG - 2026-05-09 18:52:02 --> Session: Class initialized using 'CodeIgniter\Session\Handlers\FileHandler' driver.
DEBUG - 2026-05-09 18:52:10 --> Session: Class initialized using 'CodeIgniter\Session\Handlers\FileHandler' driver.
DEBUG - 2026-05-09 18:52:10 --> Session: Class initialized using 'CodeIgniter\Session\Handlers\FileHandler' driver.
DEBUG - 2026-05-09 18:58:40 --> Session: Class initialized using 'CodeIgniter\Session\Handlers\FileHandler' driver.
DEBUG - 2026-05-09 18:58:42 --> Session: Class initialized using 'CodeIgniter\Session\Handlers\FileHandler' driver.
DEBUG - 2026-05-09 18:58:42 --> Session: Class initialized using 'CodeIgniter\Session\Handlers\FileHandler' driver.
DEBUG - 2026-05-09 18:58:43 --> Session: Class initialized using 'CodeIgniter\Session\Handlers\FileHandler' driver.
DEBUG - 2026-05-09 18:58:43 --> Session: Class initialized using 'CodeIgniter\Session\Handlers\FileHandler' driver.
DEBUG - 2026-05-09 18:58:44 --> Session: Class initialized using 'CodeIgniter\Session\Handlers\FileHandler' driver.
DEBUG - 2026-05-09 18:58:45 --> Session: Class initialized using 'CodeIgniter\Session\Handlers\FileHandler' driver.
DEBUG - 2026-05-09 18:58:51 --> Session: Class initialized using 'CodeIgniter\Session\Handlers\FileHandler' driver.
DEBUG - 2026-05-09 18:59:22 --> Session: Class initialized using 'CodeIgniter\Session\Handlers\FileHandler' driver.
DEBUG - 2026-05-09 18:59:23 --> Session: Class initialized using 'CodeIgniter\Session\Handlers\FileHandler' driver.
DEBUG - 2026-05-09 18:59:44 --> Session: Class initialized using 'CodeIgniter\Session\Handlers\FileHandler' driver.
DEBUG - 2026-05-09 18:59:53 --> Session: Class initialized using 'CodeIgniter\Session\Handlers\FileHandler' driver.
DEBUG - 2026-05-09 18:59:53 --> Session: Class initialized using 'CodeIgniter\Session\Handlers\FileHandler' driver.
DEBUG - 2026-05-09 18:59:55 --> Session: Class initialized using 'CodeIgniter\Session\Handlers\FileHandler' driver.
DEBUG - 2026-05-09 18:59:56 --> Session: Class initialized using 'CodeIgniter\Session\Handlers\FileHandler' driver.
DEBUG - 2026-05-09 19:00:05 --> Session: Class initialized using 'CodeIgniter\Session\Handlers\FileHandler' driver.
DEBUG - 2026-05-09 19:03:35 --> Session: Class initialized using 'CodeIgniter\Session\Handlers\FileHandler' driver.
DEBUG - 2026-05-09 19:03:38 --> Session: Class initialized using 'CodeIgniter\Session\Handlers\FileHandler' driver.
DEBUG - 2026-05-09 19:03:38 --> Session: Class initialized using 'CodeIgniter\Session\Handlers\FileHandler' driver.
DEBUG - 2026-05-09 19:03:54 --> Session: Class initialized using 'CodeIgniter\Session\Handlers\FileHandler' driver.
DEBUG - 2026-05-09 19:03:54 --> Session: Class initialized using 'CodeIgniter\Session\Handlers\FileHandler' driver.
DEBUG - 2026-05-09 19:03:56 --> Session: Class initialized using 'CodeIgniter\Session\Handlers\FileHandler' driver.
DEBUG - 2026-05-09 19:03:58 --> Session: Class initialized using 'CodeIgniter\Session\Handlers\FileHandler' driver.
DEBUG - 2026-05-09 19:04:00 --> Session: Class initialized using 'CodeIgniter\Session\Handlers\FileHandler' driver.
DEBUG - 2026-05-09 19:04:00 --> Session: Class initialized using 'CodeIgniter\Session\Handlers\FileHandler' driver.
DEBUG - 2026-05-09 19:04:05 --> Session: Class initialized using 'CodeIgniter\Session\Handlers\FileHandler' driver.
DEBUG - 2026-05-09 19:04:05 --> Session: Class initialized using 'CodeIgniter\Session\Handlers\FileHandler' driver.
DEBUG - 2026-05-09 19:04:06 --> Session: Class initialized using 'CodeIgniter\Session\Handlers\FileHandler' driver.
DEBUG - 2026-05-09 19:04:07 --> Session: Class initialized using 'CodeIgniter\Session\Handlers\FileHandler' driver.
DEBUG - 2026-05-09 19:04:07 --> Session: Class initialized using 'CodeIgniter\Session\Handlers\FileHandler' driver.
DEBUG - 2026-05-09 19:04:13 --> Session: Class initialized using 'CodeIgniter\Session\Handlers\FileHandler' driver.
DEBUG - 2026-05-09 19:04:14 --> Session: Class initialized using 'CodeIgniter\Session\Handlers\FileHandler' driver.
DEBUG - 2026-05-09 19:04:25 --> Session: Class initialized using 'CodeIgniter\Session\Handlers\FileHandler' driver.
DEBUG - 2026-05-09 19:04:26 --> Session: Class initialized using 'CodeIgniter\Session\Handlers\FileHandler' driver.
DEBUG - 2026-05-09 19:04:32 --> Session: Class initialized using 'CodeIgniter\Session\Handlers\FileHandler' driver.
DEBUG - 2026-05-09 19:04:32 --> Session: Class initialized using 'CodeIgniter\Session\Handlers\FileHandler' driver.
DEBUG - 2026-05-09 19:05:14 --> Session: Class initialized using 'CodeIgniter\Session\Handlers\FileHandler' driver.
DEBUG - 2026-05-09 19:05:14 --> Session: Class initialized using 'CodeIgniter\Session\Handlers\FileHandler' driver.
DEBUG - 2026-05-09 19:05:25 --> Session: Class initialized using 'CodeIgniter\Session\Handlers\FileHandler' driver.
DEBUG - 2026-05-09 19:05:25 --> Session: Class initialized using 'CodeIgniter\Session\Handlers\FileHandler' driver.
DEBUG - 2026-05-09 19:06:20 --> Session: Class initialized using 'CodeIgniter\Session\Handlers\FileHandler' driver.
DEBUG - 2026-05-09 19:06:22 --> Session: Class initialized using 'CodeIgniter\Session\Handlers\FileHandler' driver.
DEBUG - 2026-05-09 19:06:23 --> Session: Class initialized using 'CodeIgniter\Session\Handlers\FileHandler' driver.
DEBUG - 2026-05-09 19:06:24 --> Session: Class initialized using 'CodeIgniter\Session\Handlers\FileHandler' driver.
DEBUG - 2026-05-09 19:06:25 --> Session: Class initialized using 'CodeIgniter\Session\Handlers\FileHandler' driver.
DEBUG - 2026-05-09 19:06:26 --> Session: Class initialized using 'CodeIgniter\Session\Handlers\FileHandler' driver.
DEBUG - 2026-05-09 19:06:27 --> Session: Class initialized using 'CodeIgniter\Session\Handlers\FileHandler' driver.
DEBUG - 2026-05-09 19:06:29 --> Session: Class initialized using 'CodeIgniter\Session\Handlers\FileHandler' driver.
DEBUG - 2026-05-09 19:06:37 --> Session: Class initialized using 'CodeIgniter\Session\Handlers\FileHandler' driver.
DEBUG - 2026-05-09 19:06:48 --> Session: Class initialized using 'CodeIgniter\Session\Handlers\FileHandler' driver.
DEBUG - 2026-05-09 19:06:54 --> Session: Class initialized using 'CodeIgniter\Session\Handlers\FileHandler' driver.
DEBUG - 2026-05-09 19:06:54 --> Session: Class initialized using 'CodeIgniter\Session\Handlers\FileHandler' driver.
DEBUG - 2026-05-09 19:06:56 --> Session: Class initialized using 'CodeIgniter\Session\Handlers\FileHandler' driver.
DEBUG - 2026-05-09 19:07:03 --> Session: Class initialized using 'CodeIgniter\Session\Handlers\FileHandler' driver.
DEBUG - 2026-05-09 19:07:15 --> Session: Class initialized using 'CodeIgniter\Session\Handlers\FileHandler' driver.
DEBUG - 2026-05-09 19:07:15 --> Session: Class initialized using 'CodeIgniter\Session\Handlers\FileHandler' driver.
DEBUG - 2026-05-09 19:07:46 --> Session: Class initialized using 'CodeIgniter\Session\Handlers\FileHandler' driver.
DEBUG - 2026-05-09 19:07:47 --> Session: Class initialized using 'CodeIgniter\Session\Handlers\FileHandler' driver.
DEBUG - 2026-05-09 19:07:49 --> Session: Class initialized using 'CodeIgniter\Session\Handlers\FileHandler' driver.
DEBUG - 2026-05-09 19:08:01 --> Session: Class initialized using 'CodeIgniter\Session\Handlers\FileHandler' driver.
DEBUG - 2026-05-09 19:08:03 --> Session: Class initialized using 'CodeIgniter\Session\Handlers\FileHandler' driver.
DEBUG - 2026-05-09 19:08:03 --> Session: Class initialized using 'CodeIgniter\Session\Handlers\FileHandler' driver.
DEBUG - 2026-05-09 19:08:05 --> Session: Class initialized using 'CodeIgniter\Session\Handlers\FileHandler' driver.
DEBUG - 2026-05-09 19:08:05 --> Session: Class initialized using 'CodeIgniter\Session\Handlers\FileHandler' driver.
DEBUG - 2026-05-09 19:08:13 --> Session: Class initialized using 'CodeIgniter\Session\Handlers\FileHandler' driver.
DEBUG - 2026-05-09 19:10:03 --> Session: Class initialized using 'CodeIgniter\Session\Handlers\FileHandler' driver.
DEBUG - 2026-05-09 19:10:09 --> Session: Class initialized using 'CodeIgniter\Session\Handlers\FileHandler' driver.
DEBUG - 2026-05-09 19:10:10 --> Session: Class initialized using 'CodeIgniter\Session\Handlers\FileHandler' driver.
DEBUG - 2026-05-09 19:10:10 --> Session: Class initialized using 'CodeIgniter\Session\Handlers\FileHandler' driver.
DEBUG - 2026-05-09 19:10:10 --> Session: Class initialized using 'CodeIgniter\Session\Handlers\FileHandler' driver.
DEBUG - 2026-05-09 19:10:11 --> Session: Class initialized using 'CodeIgniter\Session\Handlers\FileHandler' driver.
DEBUG - 2026-05-09 19:10:11 --> Session: Class initialized using 'CodeIgniter\Session\Handlers\FileHandler' driver.
DEBUG - 2026-05-09 19:10:12 --> Session: Class initialized using 'CodeIgniter\Session\Handlers\FileHandler' driver.
DEBUG - 2026-05-09 19:10:12 --> Session: Class initialized using 'CodeIgniter\Session\Handlers\FileHandler' driver.
DEBUG - 2026-05-09 19:10:13 --> Session: Class initialized using 'CodeIgniter\Session\Handlers\FileHandler' driver.
DEBUG - 2026-05-09 19:10:14 --> Session: Class initialized using 'CodeIgniter\Session\Handlers\FileHandler' driver.
DEBUG - 2026-05-09 19:10:14 --> Session: Class initialized using 'CodeIgniter\Session\Handlers\FileHandler' driver.
DEBUG - 2026-05-09 19:10:14 --> Session: Class initialized using 'CodeIgniter\Session\Handlers\FileHandler' driver.
DEBUG - 2026-05-09 19:10:21 --> Session: Class initialized using 'CodeIgniter\Session\Handlers\FileHandler' driver.
